sample,leaf_coverage_percent,annotation_mode,status,output_dir,input_components,output_masks,output_points,error
0216e56863cc6506,24.503,sam2_mask,ok,D:\Vipin\projects\leaf_coverage_detector\experiments\9.3.coatnet_2_rw_224_experimentation\runs\exp11_9\images\0216e56863cc6506,13,1,0,
02a411c83325fbd7,50.4814,sam2_mask,ok,D:\Vipin\projects\leaf_coverage_detector\experiments\9.3.coatnet_2_rw_224_experimentation\runs\exp11_9\images\02a411c83325fbd7,7,1,0,
02eabe4aae8c89c1,0.0,ignore,ignored_manual_review,D:\Vipin\projects\leaf_coverage_detector\experiments\9.3.coatnet_2_rw_224_experimentation\runs\exp11_9\images\02eabe4aae8c89c1,,0,0,
03c325955f721715,54.6547,sam2_mask,ok,D:\Vipin\projects\leaf_coverage_detector\experiments\9.3.coatnet_2_rw_224_experimentation\runs\exp11_9\images\03c325955f721715,2,1,0,
03d86c3be6275712,3.1645,sam2_mask,ok,D:\Vipin\projects\leaf_coverage_detector\experiments\9.3.coatnet_2_rw_224_experimentation\runs\exp11_9\images\03d86c3be6275712,5,1,0,
03e38c8e43306709,15.8621,sam2_mask,ok,D:\Vipin\projects\leaf_coverage_detector\experiments\9.3.coatnet_2_rw_224_experimentation\runs\exp11_9\images\03e38c8e43306709,12,1,0,
04d12ff297957ee3,36.4577,sam2_mask,ok,D:\Vipin\projects\leaf_coverage_detector\experiments\9.3.coatnet_2_rw_224_experimentation\runs\exp11_9\images\04d12ff297957ee3,14,1,0,
04e06f36d4d5dbb2,13.1207,sam2_mask,ok,D:\Vipin\projects\leaf_coverage_detector\experiments\9.3.coatnet_2_rw_224_experimentation\runs\exp11_9\images\04e06f36d4d5dbb2,8,1,0,
05bc2961dca624de,41.0272,sam2_mask,ok,D:\Vipin\projects\leaf_coverage_detector\experiments\9.3.coatnet_2_rw_224_experimentation\runs\exp11_9\images\05bc2961dca624de,9,1,0,
05d1b3b6550645c1,49.774,sam2_mask,ok,D:\Vipin\projects\leaf_coverage_detector\experiments\9.3.coatnet_2_rw_224_experimentation\runs\exp11_9\images\05d1b3b6550645c1,11,1,0,
065f874b4e3419f0,80.8924,sam2_mask,ok,D:\Vipin\projects\leaf_coverage_detector\experiments\9.3.coatnet_2_rw_224_experimentation\runs\exp11_9\images\065f874b4e3419f0,4,1,0,
066217ad72accfbc,18.7849,sam2_mask,ok,D:\Vipin\projects\leaf_coverage_detector\experiments\9.3.coatnet_2_rw_224_experimentation\runs\exp11_9\images\066217ad72accfbc,17,1,0,
0713e29c48768f07,4.2203,sam2_mask,ok,D:\Vipin\projects\leaf_coverage_detector\experiments\9.3.coatnet_2_rw_224_experimentation\runs\exp11_9\images\0713e29c48768f07,7,1,0,
07abccdbfec75421,13.7146,sam2_mask,ok,D:\Vipin\projects\leaf_coverage_detector\experiments\9.3.coatnet_2_rw_224_experimentation\runs\exp11_9\images\07abccdbfec75421,18,1,0,
09c2c519488a4dc0,0.203,ignore,ignored_manual_review,D:\Vipin\projects\leaf_coverage_detector\experiments\9.3.coatnet_2_rw_224_experimentation\runs\exp11_9\images\09c2c519488a4dc0,,0,0,
0a2728a4acfbff32,46.2104,sam2_mask,ok,D:\Vipin\projects\leaf_coverage_detector\experiments\9.3.coatnet_2_rw_224_experimentation\runs\exp11_9\images\0a2728a4acfbff32,10,1,0,
0a3f4122c02285bc,28.7993,sam2_mask,ok,D:\Vipin\projects\leaf_coverage_detector\experiments\9.3.coatnet_2_rw_224_experimentation\runs\exp11_9\images\0a3f4122c02285bc,12,1,0,
0b47e02b0be0401b,1.7679,sam2_mask,ok,D:\Vipin\projects\leaf_coverage_detector\experiments\9.3.coatnet_2_rw_224_experimentation\runs\exp11_9\images\0b47e02b0be0401b,3,1,0,
0b6ba33e5c148ed0,40.2574,sam2_mask,ok,D:\Vipin\projects\leaf_coverage_detector\experiments\9.3.coatnet_2_rw_224_experimentation\runs\exp11_9\images\0b6ba33e5c148ed0,11,1,0,
0b7335e4a8f6ef5a,23.934,sam2_mask,ok,D:\Vipin\projects\leaf_coverage_detector\experiments\9.3.coatnet_2_rw_224_experimentation\runs\exp11_9\images\0b7335e4a8f6ef5a,14,1,0,
0cdef00e0741280c,17.2738,sam2_mask,ok,D:\Vipin\projects\leaf_coverage_detector\experiments\9.3.coatnet_2_rw_224_experimentation\runs\exp11_9\images\0cdef00e0741280c,8,1,0,
0cfa9464159120a7,42.6716,sam2_mask,ok,D:\Vipin\projects\leaf_coverage_detector\experiments\9.3.coatnet_2_rw_224_experimentation\runs\exp11_9\images\0cfa9464159120a7,12,1,0,
0d2793710c2ed19f,40.7043,sam2_mask,ok,D:\Vipin\projects\leaf_coverage_detector\experiments\9.3.coatnet_2_rw_224_experimentation\runs\exp11_9\images\0d2793710c2ed19f,11,1,0,
0d52988f15adfef7,58.127,sam2_mask,ok,D:\Vipin\projects\leaf_coverage_detector\experiments\9.3.coatnet_2_rw_224_experimentation\runs\exp11_9\images\0d52988f15adfef7,10,1,0,
0d714ee1b1a8dd69,73.1341,sam2_mask,ok,D:\Vipin\projects\leaf_coverage_detector\experiments\9.3.coatnet_2_rw_224_experimentation\runs\exp11_9\images\0d714ee1b1a8dd69,3,1,0,
0d868c4653b65cb8_3cff02,32.3307,sam2_mask,ok,D:\Vipin\projects\leaf_coverage_detector\experiments\9.3.coatnet_2_rw_224_experimentation\runs\exp11_9\images\0d868c4653b65cb8_3cff02,13,1,0,
0dfeee0be154fd04,20.5671,sam2_mask,ok,D:\Vipin\projects\leaf_coverage_detector\experiments\9.3.coatnet_2_rw_224_experimentation\runs\exp11_9\images\0dfeee0be154fd04,17,1,0,
0e0f28c365611347,13.3116,sam2_mask,ok,D:\Vipin\projects\leaf_coverage_detector\experiments\9.3.coatnet_2_rw_224_experimentation\runs\exp11_9\images\0e0f28c365611347,8,1,0,
0ef6124c3faa10df,36.8945,sam2_mask,ok,D:\Vipin\projects\leaf_coverage_detector\experiments\9.3.coatnet_2_rw_224_experimentation\runs\exp11_9\images\0ef6124c3faa10df,8,1,0,
0f0bf0bf1159a168,18.2846,sam2_mask,ok,D:\Vipin\projects\leaf_coverage_detector\experiments\9.3.coatnet_2_rw_224_experimentation\runs\exp11_9\images\0f0bf0bf1159a168,9,1,0,
0f77919b6d57d70e,6.7323,sam2_mask,ok,D:\Vipin\projects\leaf_coverage_detector\experiments\9.3.coatnet_2_rw_224_experimentation\runs\exp11_9\images\0f77919b6d57d70e,13,1,0,
0fe924aceae067f1,31.7203,sam2_mask,ok,D:\Vipin\projects\leaf_coverage_detector\experiments\9.3.coatnet_2_rw_224_experimentation\runs\exp11_9\images\0fe924aceae067f1,9,1,0,
101d1e7f6d43f116,4.6342,sam2_mask,ok,D:\Vipin\projects\leaf_coverage_detector\experiments\9.3.coatnet_2_rw_224_experimentation\runs\exp11_9\images\101d1e7f6d43f116,5,1,0,
112fa4aa6fc72e0e,56.4612,sam2_mask,ok,D:\Vipin\projects\leaf_coverage_detector\experiments\9.3.coatnet_2_rw_224_experimentation\runs\exp11_9\images\112fa4aa6fc72e0e,7,1,0,
114a355b02d87b79,14.548,sam2_mask,ok,D:\Vipin\projects\leaf_coverage_detector\experiments\9.3.coatnet_2_rw_224_experimentation\runs\exp11_9\images\114a355b02d87b79,10,1,0,
11c0ca9d95775e57,3.284,sam2_mask,ok,D:\Vipin\projects\leaf_coverage_detector\experiments\9.3.coatnet_2_rw_224_experimentation\runs\exp11_9\images\11c0ca9d95775e57,3,1,0,
12a89cfd38970c9f,0.0,ignore,ignored_manual_review,D:\Vipin\projects\leaf_coverage_detector\experiments\9.3.coatnet_2_rw_224_experimentation\runs\exp11_9\images\12a89cfd38970c9f,,0,0,
130beb3474f8aed2,3.7652,sam2_mask,ok,D:\Vipin\projects\leaf_coverage_detector\experiments\9.3.coatnet_2_rw_224_experimentation\runs\exp11_9\images\130beb3474f8aed2,9,1,0,
13ec472b76a4f3f0,9.0917,sam2_mask,ok,D:\Vipin\projects\leaf_coverage_detector\experiments\9.3.coatnet_2_rw_224_experimentation\runs\exp11_9\images\13ec472b76a4f3f0,10,1,0,
14eab8818e639c13,7.3882,sam2_mask,ok,D:\Vipin\projects\leaf_coverage_detector\experiments\9.3.coatnet_2_rw_224_experimentation\runs\exp11_9\images\14eab8818e639c13,11,1,0,
15c5e0a18f9887f3,0.0,ignore,ignored_manual_review,D:\Vipin\projects\leaf_coverage_detector\experiments\9.3.coatnet_2_rw_224_experimentation\runs\exp11_9\images\15c5e0a18f9887f3,,0,0,
15c749f8e68d763e,19.7486,sam2_mask,ok,D:\Vipin\projects\leaf_coverage_detector\experiments\9.3.coatnet_2_rw_224_experimentation\runs\exp11_9\images\15c749f8e68d763e,10,1,0,
15f9473539f41f15,8.642,sam2_mask,ok,D:\Vipin\projects\leaf_coverage_detector\experiments\9.3.coatnet_2_rw_224_experimentation\runs\exp11_9\images\15f9473539f41f15,15,1,0,
19b05f4420cd53cc,15.7969,sam2_mask,ok,D:\Vipin\projects\leaf_coverage_detector\experiments\9.3.coatnet_2_rw_224_experimentation\runs\exp11_9\images\19b05f4420cd53cc,2,1,0,
1a9c68f36477eb31,0.0468,ignore,ignored_manual_review,D:\Vipin\projects\leaf_coverage_detector\experiments\9.3.coatnet_2_rw_224_experimentation\runs\exp11_9\images\1a9c68f36477eb31,,0,0,
1c5f06ff32bc9e0f,58.6627,sam2_mask,ok,D:\Vipin\projects\leaf_coverage_detector\experiments\9.3.coatnet_2_rw_224_experimentation\runs\exp11_9\images\1c5f06ff32bc9e0f,8,1,0,
1c87ad649dd3e278,11.884,sam2_mask,ok,D:\Vipin\projects\leaf_coverage_detector\experiments\9.3.coatnet_2_rw_224_experimentation\runs\exp11_9\images\1c87ad649dd3e278,14,1,0,
1e95ef1557998d43,13.7378,sam2_mask,ok,D:\Vipin\projects\leaf_coverage_detector\experiments\9.3.coatnet_2_rw_224_experimentation\runs\exp11_9\images\1e95ef1557998d43,7,1,0,
1e9b0f0a6e3fb821,1.8597,sam2_mask,ok,D:\Vipin\projects\leaf_coverage_detector\experiments\9.3.coatnet_2_rw_224_experimentation\runs\exp11_9\images\1e9b0f0a6e3fb821,5,1,0,
1ead204c9b39bb76,11.3095,sam2_mask,ok,D:\Vipin\projects\leaf_coverage_detector\experiments\9.3.coatnet_2_rw_224_experimentation\runs\exp11_9\images\1ead204c9b39bb76,17,1,0,
1eba908b9ad2a050,0.0,ignore,ignored_manual_review,D:\Vipin\projects\leaf_coverage_detector\experiments\9.3.coatnet_2_rw_224_experimentation\runs\exp11_9\images\1eba908b9ad2a050,,0,0,
1f47b95442808a93,3.2304,sam2_mask,ok,D:\Vipin\projects\leaf_coverage_detector\experiments\9.3.coatnet_2_rw_224_experimentation\runs\exp11_9\images\1f47b95442808a93,7,1,0,
208ee5a099ed6794,72.7858,sam2_mask,ok,D:\Vipin\projects\leaf_coverage_detector\experiments\9.3.coatnet_2_rw_224_experimentation\runs\exp11_9\images\208ee5a099ed6794,6,1,0,
20c6ee640e0e90d8,50.7324,sam2_mask,ok,D:\Vipin\projects\leaf_coverage_detector\experiments\9.3.coatnet_2_rw_224_experimentation\runs\exp11_9\images\20c6ee640e0e90d8,8,1,0,
20fa2d7fb5a821c5,3.7111,sam2_mask,ok,D:\Vipin\projects\leaf_coverage_detector\experiments\9.3.coatnet_2_rw_224_experimentation\runs\exp11_9\images\20fa2d7fb5a821c5,12,1,0,
21ed69c012c8c7fe,0.0,ignore,ignored_manual_review,D:\Vipin\projects\leaf_coverage_detector\experiments\9.3.coatnet_2_rw_224_experimentation\runs\exp11_9\images\21ed69c012c8c7fe,,0,0,
220e874c9b6aac71,24.9648,sam2_mask,ok,D:\Vipin\projects\leaf_coverage_detector\experiments\9.3.coatnet_2_rw_224_experimentation\runs\exp11_9\images\220e874c9b6aac71,12,1,0,
231c0457d6b63f43,0.0,ignore,ignored_manual_review,D:\Vipin\projects\leaf_coverage_detector\experiments\9.3.coatnet_2_rw_224_experimentation\runs\exp11_9\images\231c0457d6b63f43,,0,0,
241a4b29e59f3cc7,0.0403,ignore,ignored_manual_review,D:\Vipin\projects\leaf_coverage_detector\experiments\9.3.coatnet_2_rw_224_experimentation\runs\exp11_9\images\241a4b29e59f3cc7,,0,0,
24f8e38a626f56b9,39.7009,sam2_mask,ok,D:\Vipin\projects\leaf_coverage_detector\experiments\9.3.coatnet_2_rw_224_experimentation\runs\exp11_9\images\24f8e38a626f56b9,8,1,0,
26329b282d3d037c,4.6268,sam2_mask,ok,D:\Vipin\projects\leaf_coverage_detector\experiments\9.3.coatnet_2_rw_224_experimentation\runs\exp11_9\images\26329b282d3d037c,7,1,0,
26c068e02cef89ef,8.7771,sam2_mask,ok,D:\Vipin\projects\leaf_coverage_detector\experiments\9.3.coatnet_2_rw_224_experimentation\runs\exp11_9\images\26c068e02cef89ef,7,1,0,
277f4f791a9af767,14.6752,sam2_mask,ok,D:\Vipin\projects\leaf_coverage_detector\experiments\9.3.coatnet_2_rw_224_experimentation\runs\exp11_9\images\277f4f791a9af767,10,1,0,
2a916a22ca09210a,19.4268,sam2_mask,ok,D:\Vipin\projects\leaf_coverage_detector\experiments\9.3.coatnet_2_rw_224_experimentation\runs\exp11_9\images\2a916a22ca09210a,18,1,0,
2b1cb4f7421d126f,4.0694,sam2_mask,ok,D:\Vipin\projects\leaf_coverage_detector\experiments\9.3.coatnet_2_rw_224_experimentation\runs\exp11_9\images\2b1cb4f7421d126f,5,1,0,
2cb066d93a7c33dd,31.0131,sam2_mask,ok,D:\Vipin\projects\leaf_coverage_detector\experiments\9.3.coatnet_2_rw_224_experimentation\runs\exp11_9\images\2cb066d93a7c33dd,9,1,0,
2cf03e944d0a9942,9.4943,sam2_mask,ok,D:\Vipin\projects\leaf_coverage_detector\experiments\9.3.coatnet_2_rw_224_experimentation\runs\exp11_9\images\2cf03e944d0a9942,10,1,0,
2d199cea9059f815,14.5373,sam2_mask,ok,D:\Vipin\projects\leaf_coverage_detector\experiments\9.3.coatnet_2_rw_224_experimentation\runs\exp11_9\images\2d199cea9059f815,15,1,0,
2dc7e0b7a49fcdea,3.8798,sam2_mask,ok,D:\Vipin\projects\leaf_coverage_detector\experiments\9.3.coatnet_2_rw_224_experimentation\runs\exp11_9\images\2dc7e0b7a49fcdea,15,1,0,
2dd7af1ba769bb9f,34.941,sam2_mask,ok,D:\Vipin\projects\leaf_coverage_detector\experiments\9.3.coatnet_2_rw_224_experimentation\runs\exp11_9\images\2dd7af1ba769bb9f,16,1,0,
2e164d9443f85636,13.5674,sam2_mask,ok,D:\Vipin\projects\leaf_coverage_detector\experiments\9.3.coatnet_2_rw_224_experimentation\runs\exp11_9\images\2e164d9443f85636,13,1,0,
2e16ce1099bf2bbc,0.5066,ignore,ignored_manual_review,D:\Vipin\projects\leaf_coverage_detector\experiments\9.3.coatnet_2_rw_224_experimentation\runs\exp11_9\images\2e16ce1099bf2bbc,,0,0,
2f1ca6563030f574,41.0163,sam2_mask,ok,D:\Vipin\projects\leaf_coverage_detector\experiments\9.3.coatnet_2_rw_224_experimentation\runs\exp11_9\images\2f1ca6563030f574,8,1,0,
2f47beeb3f5f2286,33.7252,sam2_mask,ok,D:\Vipin\projects\leaf_coverage_detector\experiments\9.3.coatnet_2_rw_224_experimentation\runs\exp11_9\images\2f47beeb3f5f2286,13,1,0,
32d4851b92922648,0.0,ignore,ignored_manual_review,D:\Vipin\projects\leaf_coverage_detector\experiments\9.3.coatnet_2_rw_224_experimentation\runs\exp11_9\images\32d4851b92922648,,0,0,
32e587e91de7a4c0,28.8713,sam2_mask,ok,D:\Vipin\projects\leaf_coverage_detector\experiments\9.3.coatnet_2_rw_224_experimentation\runs\exp11_9\images\32e587e91de7a4c0,9,1,0,
35e1996b2d33dbc5,2.8454,sam2_mask,ok,D:\Vipin\projects\leaf_coverage_detector\experiments\9.3.coatnet_2_rw_224_experimentation\runs\exp11_9\images\35e1996b2d33dbc5,4,1,0,
37c0ade396e56843,26.7618,sam2_mask,ok,D:\Vipin\projects\leaf_coverage_detector\experiments\9.3.coatnet_2_rw_224_experimentation\runs\exp11_9\images\37c0ade396e56843,12,1,0,
37dd66622cc9401f,36.7499,sam2_mask,ok,D:\Vipin\projects\leaf_coverage_detector\experiments\9.3.coatnet_2_rw_224_experimentation\runs\exp11_9\images\37dd66622cc9401f,19,1,0,
39ce15f027ab7a22,9.483,sam2_mask,ok,D:\Vipin\projects\leaf_coverage_detector\experiments\9.3.coatnet_2_rw_224_experimentation\runs\exp11_9\images\39ce15f027ab7a22,14,1,0,
3a2e020abd240557,7.7904,sam2_mask,ok,D:\Vipin\projects\leaf_coverage_detector\experiments\9.3.coatnet_2_rw_224_experimentation\runs\exp11_9\images\3a2e020abd240557,6,1,0,
3a3d099fe358e169,6.0109,sam2_mask,ok,D:\Vipin\projects\leaf_coverage_detector\experiments\9.3.coatnet_2_rw_224_experimentation\runs\exp11_9\images\3a3d099fe358e169,8,1,0,
3afceea7d198569f,0.6432,ignore,ignored_manual_review,D:\Vipin\projects\leaf_coverage_detector\experiments\9.3.coatnet_2_rw_224_experimentation\runs\exp11_9\images\3afceea7d198569f,,0,0,
3aff0215a71f1f9c,24.7014,sam2_mask,ok,D:\Vipin\projects\leaf_coverage_detector\experiments\9.3.coatnet_2_rw_224_experimentation\runs\exp11_9\images\3aff0215a71f1f9c,4,1,0,
3b67886d3349e72f,26.9293,sam2_mask,ok,D:\Vipin\projects\leaf_coverage_detector\experiments\9.3.coatnet_2_rw_224_experimentation\runs\exp11_9\images\3b67886d3349e72f,12,1,0,
3b8d2602ab3e8882,24.4144,sam2_mask,ok,D:\Vipin\projects\leaf_coverage_detector\experiments\9.3.coatnet_2_rw_224_experimentation\runs\exp11_9\images\3b8d2602ab3e8882,16,1,0,
3c13c0f1d56e7fa8,25.9245,sam2_mask,ok,D:\Vipin\projects\leaf_coverage_detector\experiments\9.3.coatnet_2_rw_224_experimentation\runs\exp11_9\images\3c13c0f1d56e7fa8,15,1,0,
3c81f6b7c392f156,0.4129,ignore,ignored_manual_review,D:\Vipin\projects\leaf_coverage_detector\experiments\9.3.coatnet_2_rw_224_experimentation\runs\exp11_9\images\3c81f6b7c392f156,,0,0,
3cab280bfa56d3dc,32.8464,sam2_mask,ok,D:\Vipin\projects\leaf_coverage_detector\experiments\9.3.coatnet_2_rw_224_experimentation\runs\exp11_9\images\3cab280bfa56d3dc,18,1,0,
3cb7aee392b3c2e3,3.7702,sam2_mask,ok,D:\Vipin\projects\leaf_coverage_detector\experiments\9.3.coatnet_2_rw_224_experimentation\runs\exp11_9\images\3cb7aee392b3c2e3,3,1,0,
3d679c1443db7af2,0.0,ignore,ignored_manual_review,D:\Vipin\projects\leaf_coverage_detector\experiments\9.3.coatnet_2_rw_224_experimentation\runs\exp11_9\images\3d679c1443db7af2,,0,0,
3dfa13b3975630a5,19.6748,sam2_mask,ok,D:\Vipin\projects\leaf_coverage_detector\experiments\9.3.coatnet_2_rw_224_experimentation\runs\exp11_9\images\3dfa13b3975630a5,15,1,0,
3e06dc55a55501ee,0.044,ignore,ignored_manual_review,D:\Vipin\projects\leaf_coverage_detector\experiments\9.3.coatnet_2_rw_224_experimentation\runs\exp11_9\images\3e06dc55a55501ee,,0,0,
3ea9489a12fa5492,36.3583,sam2_mask,ok,D:\Vipin\projects\leaf_coverage_detector\experiments\9.3.coatnet_2_rw_224_experimentation\runs\exp11_9\images\3ea9489a12fa5492,16,1,0,
3ee5d101d67b3052,50.0518,sam2_mask,ok,D:\Vipin\projects\leaf_coverage_detector\experiments\9.3.coatnet_2_rw_224_experimentation\runs\exp11_9\images\3ee5d101d67b3052,12,1,0,
3f28837c6f99947c,57.7171,sam2_mask,ok,D:\Vipin\projects\leaf_coverage_detector\experiments\9.3.coatnet_2_rw_224_experimentation\runs\exp11_9\images\3f28837c6f99947c,4,1,0,
3f31fdb9547bd7c7,51.0361,sam2_mask,ok,D:\Vipin\projects\leaf_coverage_detector\experiments\9.3.coatnet_2_rw_224_experimentation\runs\exp11_9\images\3f31fdb9547bd7c7,11,1,0,
3f8f228ab54069ad,41.7382,sam2_mask,ok,D:\Vipin\projects\leaf_coverage_detector\experiments\9.3.coatnet_2_rw_224_experimentation\runs\exp11_9\images\3f8f228ab54069ad,13,1,0,
3ff78d08cd46c75a,8.0271,sam2_mask,ok,D:\Vipin\projects\leaf_coverage_detector\experiments\9.3.coatnet_2_rw_224_experimentation\runs\exp11_9\images\3ff78d08cd46c75a,8,1,0,
411ff018e92fbd55,5.9429,sam2_mask,ok,D:\Vipin\projects\leaf_coverage_detector\experiments\9.3.coatnet_2_rw_224_experimentation\runs\exp11_9\images\411ff018e92fbd55,5,1,0,
43e9d662535ea0ad,26.5351,sam2_mask,ok,D:\Vipin\projects\leaf_coverage_detector\experiments\9.3.coatnet_2_rw_224_experimentation\runs\exp11_9\images\43e9d662535ea0ad,15,1,0,
446720de5269eba8,16.0869,sam2_mask,ok,D:\Vipin\projects\leaf_coverage_detector\experiments\9.3.coatnet_2_rw_224_experimentation\runs\exp11_9\images\446720de5269eba8,14,1,0,
44a342a381ff2eb3,39.9343,sam2_mask,ok,D:\Vipin\projects\leaf_coverage_detector\experiments\9.3.coatnet_2_rw_224_experimentation\runs\exp11_9\images\44a342a381ff2eb3,8,1,0,
46ab64e021909699,0.4071,ignore,ignored_manual_review,D:\Vipin\projects\leaf_coverage_detector\experiments\9.3.coatnet_2_rw_224_experimentation\runs\exp11_9\images\46ab64e021909699,,0,0,
4a5148148f8b7126,4.5919,sam2_mask,ok,D:\Vipin\projects\leaf_coverage_detector\experiments\9.3.coatnet_2_rw_224_experimentation\runs\exp11_9\images\4a5148148f8b7126,10,1,0,
4a5420e03c455a08,0.3439,ignore,ignored_manual_review,D:\Vipin\projects\leaf_coverage_detector\experiments\9.3.coatnet_2_rw_224_experimentation\runs\exp11_9\images\4a5420e03c455a08,,0,0,
4aee20991f0ea61e,32.7309,sam2_mask,ok,D:\Vipin\projects\leaf_coverage_detector\experiments\9.3.coatnet_2_rw_224_experimentation\runs\exp11_9\images\4aee20991f0ea61e,15,1,0,
4af5d0240136d783,3.4517,sam2_mask,ok,D:\Vipin\projects\leaf_coverage_detector\experiments\9.3.coatnet_2_rw_224_experimentation\runs\exp11_9\images\4af5d0240136d783,5,1,0,
4b5f3936dea0bcef,48.9407,sam2_mask,ok,D:\Vipin\projects\leaf_coverage_detector\experiments\9.3.coatnet_2_rw_224_experimentation\runs\exp11_9\images\4b5f3936dea0bcef,7,1,0,
4b8cb4043a07571c,16.0791,sam2_mask,ok,D:\Vipin\projects\leaf_coverage_detector\experiments\9.3.coatnet_2_rw_224_experimentation\runs\exp11_9\images\4b8cb4043a07571c,12,1,0,
4b977928bb3e5394,12.4193,sam2_mask,ok,D:\Vipin\projects\leaf_coverage_detector\experiments\9.3.coatnet_2_rw_224_experimentation\runs\exp11_9\images\4b977928bb3e5394,8,1,0,
4bd0172fe831bb7e,12.3643,sam2_mask,ok,D:\Vipin\projects\leaf_coverage_detector\experiments\9.3.coatnet_2_rw_224_experimentation\runs\exp11_9\images\4bd0172fe831bb7e,12,1,0,
4c080fca6c552f3f,27.2264,sam2_mask,ok,D:\Vipin\projects\leaf_coverage_detector\experiments\9.3.coatnet_2_rw_224_experimentation\runs\exp11_9\images\4c080fca6c552f3f,10,1,0,
4c3b28d2e3e5827d,53.5357,sam2_mask,ok,D:\Vipin\projects\leaf_coverage_detector\experiments\9.3.coatnet_2_rw_224_experimentation\runs\exp11_9\images\4c3b28d2e3e5827d,11,1,0,
4c41abb2f662e96a,0.795,ignore,ignored_manual_review,D:\Vipin\projects\leaf_coverage_detector\experiments\9.3.coatnet_2_rw_224_experimentation\runs\exp11_9\images\4c41abb2f662e96a,,0,0,
4d282df1019401ce,22.6051,sam2_mask,ok,D:\Vipin\projects\leaf_coverage_detector\experiments\9.3.coatnet_2_rw_224_experimentation\runs\exp11_9\images\4d282df1019401ce,10,1,0,
4ddd04e52b6162bf,4.8612,sam2_mask,ok,D:\Vipin\projects\leaf_coverage_detector\experiments\9.3.coatnet_2_rw_224_experimentation\runs\exp11_9\images\4ddd04e52b6162bf,5,1,0,
4e97f75eeb3c9f96,0.0,ignore,ignored_manual_review,D:\Vipin\projects\leaf_coverage_detector\experiments\9.3.coatnet_2_rw_224_experimentation\runs\exp11_9\images\4e97f75eeb3c9f96,,0,0,
4eb75d45cd288d01,53.2757,sam2_mask,ok,D:\Vipin\projects\leaf_coverage_detector\experiments\9.3.coatnet_2_rw_224_experimentation\runs\exp11_9\images\4eb75d45cd288d01,9,1,0,
4ebd317753490556,47.1414,sam2_mask,ok,D:\Vipin\projects\leaf_coverage_detector\experiments\9.3.coatnet_2_rw_224_experimentation\runs\exp11_9\images\4ebd317753490556,6,1,0,
4f66d012deaf88e7,48.9187,sam2_mask,ok,D:\Vipin\projects\leaf_coverage_detector\experiments\9.3.coatnet_2_rw_224_experimentation\runs\exp11_9\images\4f66d012deaf88e7,8,1,0,
4f953b498b39e0dc,3.9739,sam2_mask,ok,D:\Vipin\projects\leaf_coverage_detector\experiments\9.3.coatnet_2_rw_224_experimentation\runs\exp11_9\images\4f953b498b39e0dc,13,1,0,
4fa809f1f3059ff3,3.1555,sam2_mask,ok,D:\Vipin\projects\leaf_coverage_detector\experiments\9.3.coatnet_2_rw_224_experimentation\runs\exp11_9\images\4fa809f1f3059ff3,9,1,0,
534172f0b95ca6f0,3.4914,sam2_mask,ok,D:\Vipin\projects\leaf_coverage_detector\experiments\9.3.coatnet_2_rw_224_experimentation\runs\exp11_9\images\534172f0b95ca6f0,8,1,0,
53e281d17355729e,5.4377,sam2_mask,ok,D:\Vipin\projects\leaf_coverage_detector\experiments\9.3.coatnet_2_rw_224_experimentation\runs\exp11_9\images\53e281d17355729e,12,1,0,
55b1e7fe25e8ebdf,52.4808,sam2_mask,ok,D:\Vipin\projects\leaf_coverage_detector\experiments\9.3.coatnet_2_rw_224_experimentation\runs\exp11_9\images\55b1e7fe25e8ebdf,6,1,0,
56d72c9822b153ca,59.8046,sam2_mask,ok,D:\Vipin\projects\leaf_coverage_detector\experiments\9.3.coatnet_2_rw_224_experimentation\runs\exp11_9\images\56d72c9822b153ca,4,1,0,
57a6a7d89890cb3c,18.702,sam2_mask,ok,D:\Vipin\projects\leaf_coverage_detector\experiments\9.3.coatnet_2_rw_224_experimentation\runs\exp11_9\images\57a6a7d89890cb3c,13,1,0,
57b310932c1b4175,0.0116,ignore,ignored_manual_review,D:\Vipin\projects\leaf_coverage_detector\experiments\9.3.coatnet_2_rw_224_experimentation\runs\exp11_9\images\57b310932c1b4175,,0,0,
58deb047d21d6690,11.0485,sam2_mask,ok,D:\Vipin\projects\leaf_coverage_detector\experiments\9.3.coatnet_2_rw_224_experimentation\runs\exp11_9\images\58deb047d21d6690,13,1,0,
59311a17d71d65ff,3.8975,sam2_mask,ok,D:\Vipin\projects\leaf_coverage_detector\experiments\9.3.coatnet_2_rw_224_experimentation\runs\exp11_9\images\59311a17d71d65ff,11,1,0,
59b0793545dc9d4c,31.1285,sam2_mask,ok,D:\Vipin\projects\leaf_coverage_detector\experiments\9.3.coatnet_2_rw_224_experimentation\runs\exp11_9\images\59b0793545dc9d4c,19,1,0,
59c7a19078435d91,1.2817,sam2_mask,ok,D:\Vipin\projects\leaf_coverage_detector\experiments\9.3.coatnet_2_rw_224_experimentation\runs\exp11_9\images\59c7a19078435d91,5,1,0,
5a019a3296602244,1.6763,sam2_mask,ok,D:\Vipin\projects\leaf_coverage_detector\experiments\9.3.coatnet_2_rw_224_experimentation\runs\exp11_9\images\5a019a3296602244,4,1,0,
5a258b8806df05f0,5.3885,sam2_mask,ok,D:\Vipin\projects\leaf_coverage_detector\experiments\9.3.coatnet_2_rw_224_experimentation\runs\exp11_9\images\5a258b8806df05f0,5,1,0,
5a85be30d7170996,38.7893,sam2_mask,ok,D:\Vipin\projects\leaf_coverage_detector\experiments\9.3.coatnet_2_rw_224_experimentation\runs\exp11_9\images\5a85be30d7170996,3,1,0,
5b7706051e0d7e5a,40.581,sam2_mask,ok,D:\Vipin\projects\leaf_coverage_detector\experiments\9.3.coatnet_2_rw_224_experimentation\runs\exp11_9\images\5b7706051e0d7e5a,8,1,0,
5b8d1fd56d9c6774,0.0,ignore,ignored_manual_review,D:\Vipin\projects\leaf_coverage_detector\experiments\9.3.coatnet_2_rw_224_experimentation\runs\exp11_9\images\5b8d1fd56d9c6774,,0,0,
5bc0307a19786d2e,80.8427,sam2_mask,ok,D:\Vipin\projects\leaf_coverage_detector\experiments\9.3.coatnet_2_rw_224_experimentation\runs\exp11_9\images\5bc0307a19786d2e,2,1,0,
5e37a9057e92d088,1.0668,sam2_mask,ok,D:\Vipin\projects\leaf_coverage_detector\experiments\9.3.coatnet_2_rw_224_experimentation\runs\exp11_9\images\5e37a9057e92d088,2,1,0,
5e5687a80f524654,0.0,ignore,ignored_manual_review,D:\Vipin\projects\leaf_coverage_detector\experiments\9.3.coatnet_2_rw_224_experimentation\runs\exp11_9\images\5e5687a80f524654,,0,0,
5eb36a253987e1d9,4.1297,sam2_mask,ok,D:\Vipin\projects\leaf_coverage_detector\experiments\9.3.coatnet_2_rw_224_experimentation\runs\exp11_9\images\5eb36a253987e1d9,4,1,0,
5f327120adcf5c30,15.784,sam2_mask,ok,D:\Vipin\projects\leaf_coverage_detector\experiments\9.3.coatnet_2_rw_224_experimentation\runs\exp11_9\images\5f327120adcf5c30,4,1,0,
5f42067a0033756b,50.9162,sam2_mask,ok,D:\Vipin\projects\leaf_coverage_detector\experiments\9.3.coatnet_2_rw_224_experimentation\runs\exp11_9\images\5f42067a0033756b,5,1,0,
5f632e210489cba0,55.9347,sam2_mask,ok,D:\Vipin\projects\leaf_coverage_detector\experiments\9.3.coatnet_2_rw_224_experimentation\runs\exp11_9\images\5f632e210489cba0,4,1,0,
5f6464bcc6b8f89b,43.1543,sam2_mask,ok,D:\Vipin\projects\leaf_coverage_detector\experiments\9.3.coatnet_2_rw_224_experimentation\runs\exp11_9\images\5f6464bcc6b8f89b,8,1,0,
5f6fa6039567ccd1,13.6914,sam2_mask,ok,D:\Vipin\projects\leaf_coverage_detector\experiments\9.3.coatnet_2_rw_224_experimentation\runs\exp11_9\images\5f6fa6039567ccd1,6,1,0,
5fc31480655ad782,2.8233,sam2_mask,ok,D:\Vipin\projects\leaf_coverage_detector\experiments\9.3.coatnet_2_rw_224_experimentation\runs\exp11_9\images\5fc31480655ad782,4,1,0,
60f54ee2bee9c50c,60.0547,sam2_mask,ok,D:\Vipin\projects\leaf_coverage_detector\experiments\9.3.coatnet_2_rw_224_experimentation\runs\exp11_9\images\60f54ee2bee9c50c,12,1,0,
62ed276053428c6a,81.0831,sam2_mask,ok,D:\Vipin\projects\leaf_coverage_detector\experiments\9.3.coatnet_2_rw_224_experimentation\runs\exp11_9\images\62ed276053428c6a,5,1,0,
63d90f94d0c2572c,43.2406,sam2_mask,ok,D:\Vipin\projects\leaf_coverage_detector\experiments\9.3.coatnet_2_rw_224_experimentation\runs\exp11_9\images\63d90f94d0c2572c,8,1,0,
64030e12779729e9,0.0,ignore,ignored_manual_review,D:\Vipin\projects\leaf_coverage_detector\experiments\9.3.coatnet_2_rw_224_experimentation\runs\exp11_9\images\64030e12779729e9,,0,0,
64c5add211bf4a06,8.4837,sam2_mask,ok,D:\Vipin\projects\leaf_coverage_detector\experiments\9.3.coatnet_2_rw_224_experimentation\runs\exp11_9\images\64c5add211bf4a06,12,1,0,
65ef3fb02fd0dea0,0.0,ignore,ignored_manual_review,D:\Vipin\projects\leaf_coverage_detector\experiments\9.3.coatnet_2_rw_224_experimentation\runs\exp11_9\images\65ef3fb02fd0dea0,,0,0,
66a454757619cb6b,40.4492,sam2_mask,ok,D:\Vipin\projects\leaf_coverage_detector\experiments\9.3.coatnet_2_rw_224_experimentation\runs\exp11_9\images\66a454757619cb6b,15,1,0,
67a816d2ab82e76a,24.0935,sam2_mask,ok,D:\Vipin\projects\leaf_coverage_detector\experiments\9.3.coatnet_2_rw_224_experimentation\runs\exp11_9\images\67a816d2ab82e76a,12,1,0,
695548b716eb46cf,5.8456,sam2_mask,ok,D:\Vipin\projects\leaf_coverage_detector\experiments\9.3.coatnet_2_rw_224_experimentation\runs\exp11_9\images\695548b716eb46cf,3,1,0,
698d57cb76851df0,2.8584,sam2_mask,ok,D:\Vipin\projects\leaf_coverage_detector\experiments\9.3.coatnet_2_rw_224_experimentation\runs\exp11_9\images\698d57cb76851df0,4,1,0,
69b84461557b4cce,29.9037,sam2_mask,ok,D:\Vipin\projects\leaf_coverage_detector\experiments\9.3.coatnet_2_rw_224_experimentation\runs\exp11_9\images\69b84461557b4cce,24,1,0,
6a03dce3efb8d3cc,24.8717,sam2_mask,ok,D:\Vipin\projects\leaf_coverage_detector\experiments\9.3.coatnet_2_rw_224_experimentation\runs\exp11_9\images\6a03dce3efb8d3cc,17,1,0,
6a601f2208561964,14.5707,sam2_mask,ok,D:\Vipin\projects\leaf_coverage_detector\experiments\9.3.coatnet_2_rw_224_experimentation\runs\exp11_9\images\6a601f2208561964,9,1,0,
6acd13f4de62b2fe,5.5998,sam2_mask,ok,D:\Vipin\projects\leaf_coverage_detector\experiments\9.3.coatnet_2_rw_224_experimentation\runs\exp11_9\images\6acd13f4de62b2fe,11,1,0,
6aeb6bb2baac9263,4.3006,sam2_mask,ok,D:\Vipin\projects\leaf_coverage_detector\experiments\9.3.coatnet_2_rw_224_experimentation\runs\exp11_9\images\6aeb6bb2baac9263,4,1,0,
6b4c130eb2e49bee,5.451,sam2_mask,ok,D:\Vipin\projects\leaf_coverage_detector\experiments\9.3.coatnet_2_rw_224_experimentation\runs\exp11_9\images\6b4c130eb2e49bee,11,1,0,
6b853690c0c57bc4,7.2885,sam2_mask,ok,D:\Vipin\projects\leaf_coverage_detector\experiments\9.3.coatnet_2_rw_224_experimentation\runs\exp11_9\images\6b853690c0c57bc4,9,1,0,
6bbd5b7932ecae9a,10.8368,sam2_mask,ok,D:\Vipin\projects\leaf_coverage_detector\experiments\9.3.coatnet_2_rw_224_experimentation\runs\exp11_9\images\6bbd5b7932ecae9a,10,1,0,
6c400303dff419fa,27.1254,sam2_mask,ok,D:\Vipin\projects\leaf_coverage_detector\experiments\9.3.coatnet_2_rw_224_experimentation\runs\exp11_9\images\6c400303dff419fa,13,1,0,
6d9138b70ba15f66,12.0056,sam2_mask,ok,D:\Vipin\projects\leaf_coverage_detector\experiments\9.3.coatnet_2_rw_224_experimentation\runs\exp11_9\images\6d9138b70ba15f66,7,1,0,
6e2361369ff24dcd,0.0,ignore,ignored_manual_review,D:\Vipin\projects\leaf_coverage_detector\experiments\9.3.coatnet_2_rw_224_experimentation\runs\exp11_9\images\6e2361369ff24dcd,,0,0,
6e701c410ed1984e,80.2567,sam2_mask,ok,D:\Vipin\projects\leaf_coverage_detector\experiments\9.3.coatnet_2_rw_224_experimentation\runs\exp11_9\images\6e701c410ed1984e,3,1,0,
6f18118760d2c643,49.3424,sam2_mask,ok,D:\Vipin\projects\leaf_coverage_detector\experiments\9.3.coatnet_2_rw_224_experimentation\runs\exp11_9\images\6f18118760d2c643,7,1,0,
6f387f815fbea100,0.0,ignore,ignored_manual_review,D:\Vipin\projects\leaf_coverage_detector\experiments\9.3.coatnet_2_rw_224_experimentation\runs\exp11_9\images\6f387f815fbea100,,0,0,
6f84daed76a1b665,14.9299,sam2_mask,ok,D:\Vipin\projects\leaf_coverage_detector\experiments\9.3.coatnet_2_rw_224_experimentation\runs\exp11_9\images\6f84daed76a1b665,15,1,0,
6fe114dfe2a1b049,34.3879,sam2_mask,ok,D:\Vipin\projects\leaf_coverage_detector\experiments\9.3.coatnet_2_rw_224_experimentation\runs\exp11_9\images\6fe114dfe2a1b049,17,1,0,
739bf960f25300b0,5.7049,sam2_mask,ok,D:\Vipin\projects\leaf_coverage_detector\experiments\9.3.coatnet_2_rw_224_experimentation\runs\exp11_9\images\739bf960f25300b0,4,1,0,
7499bfd9398b587b,64.1538,sam2_mask,ok,D:\Vipin\projects\leaf_coverage_detector\experiments\9.3.coatnet_2_rw_224_experimentation\runs\exp11_9\images\7499bfd9398b587b,4,1,0,
77c8b73996ec072a,52.8974,sam2_mask,ok,D:\Vipin\projects\leaf_coverage_detector\experiments\9.3.coatnet_2_rw_224_experimentation\runs\exp11_9\images\77c8b73996ec072a,7,1,0,
79fde2b143a16ecb,34.9841,sam2_mask,ok,D:\Vipin\projects\leaf_coverage_detector\experiments\9.3.coatnet_2_rw_224_experimentation\runs\exp11_9\images\79fde2b143a16ecb,16,1,0,
7b3dd857604cc679,1.1637,sam2_mask,ok,D:\Vipin\projects\leaf_coverage_detector\experiments\9.3.coatnet_2_rw_224_experimentation\runs\exp11_9\images\7b3dd857604cc679,3,1,0,
7c8260244f1581da,46.6813,sam2_mask,ok,D:\Vipin\projects\leaf_coverage_detector\experiments\9.3.coatnet_2_rw_224_experimentation\runs\exp11_9\images\7c8260244f1581da,3,1,0,
7e5a3faf8f6bef3c,53.5986,sam2_mask,ok,D:\Vipin\projects\leaf_coverage_detector\experiments\9.3.coatnet_2_rw_224_experimentation\runs\exp11_9\images\7e5a3faf8f6bef3c,8,1,0,
7e817ec2ba49a638,46.5454,sam2_mask,ok,D:\Vipin\projects\leaf_coverage_detector\experiments\9.3.coatnet_2_rw_224_experimentation\runs\exp11_9\images\7e817ec2ba49a638,7,1,0,
7f7f31b47f2ac8ea,25.1382,sam2_mask,ok,D:\Vipin\projects\leaf_coverage_detector\experiments\9.3.coatnet_2_rw_224_experimentation\runs\exp11_9\images\7f7f31b47f2ac8ea,10,1,0,
7fd03c802c5275af,0.1306,ignore,ignored_manual_review,D:\Vipin\projects\leaf_coverage_detector\experiments\9.3.coatnet_2_rw_224_experimentation\runs\exp11_9\images\7fd03c802c5275af,,0,0,
83254fbe0a5fe876,13.7628,sam2_mask,ok,D:\Vipin\projects\leaf_coverage_detector\experiments\9.3.coatnet_2_rw_224_experimentation\runs\exp11_9\images\83254fbe0a5fe876,1,1,0,
83b71cbadc90db9a,0.0356,ignore,ignored_manual_review,D:\Vipin\projects\leaf_coverage_detector\experiments\9.3.coatnet_2_rw_224_experimentation\runs\exp11_9\images\83b71cbadc90db9a,,0,0,
83cdb9329d1c911a,26.5279,sam2_mask,ok,D:\Vipin\projects\leaf_coverage_detector\experiments\9.3.coatnet_2_rw_224_experimentation\runs\exp11_9\images\83cdb9329d1c911a,12,1,0,
84b413609e7ab1fd,0.5277,ignore,ignored_manual_review,D:\Vipin\projects\leaf_coverage_detector\experiments\9.3.coatnet_2_rw_224_experimentation\runs\exp11_9\images\84b413609e7ab1fd,,0,0,
890817189ebc9da0,63.0775,sam2_mask,ok,D:\Vipin\projects\leaf_coverage_detector\experiments\9.3.coatnet_2_rw_224_experimentation\runs\exp11_9\images\890817189ebc9da0,5,1,0,
8a00763e54e63208,9.4495,sam2_mask,ok,D:\Vipin\projects\leaf_coverage_detector\experiments\9.3.coatnet_2_rw_224_experimentation\runs\exp11_9\images\8a00763e54e63208,9,1,0,
8ae068f5e8a6df96,0.5571,ignore,ignored_manual_review,D:\Vipin\projects\leaf_coverage_detector\experiments\9.3.coatnet_2_rw_224_experimentation\runs\exp11_9\images\8ae068f5e8a6df96,,0,0,
8b9cc467061e57c5,0.0,ignore,ignored_manual_review,D:\Vipin\projects\leaf_coverage_detector\experiments\9.3.coatnet_2_rw_224_experimentation\runs\exp11_9\images\8b9cc467061e57c5,,0,0,
8bcbea64d2e0363e,6.5723,sam2_mask,ok,D:\Vipin\projects\leaf_coverage_detector\experiments\9.3.coatnet_2_rw_224_experimentation\runs\exp11_9\images\8bcbea64d2e0363e,14,1,0,
8c2a1e2b55eecb59,0.0,ignore,ignored_manual_review,D:\Vipin\projects\leaf_coverage_detector\experiments\9.3.coatnet_2_rw_224_experimentation\runs\exp11_9\images\8c2a1e2b55eecb59,,0,0,
8c32ccea5dc9ba5e,14.8873,sam2_mask,ok,D:\Vipin\projects\leaf_coverage_detector\experiments\9.3.coatnet_2_rw_224_experimentation\runs\exp11_9\images\8c32ccea5dc9ba5e,21,1,0,
8c59cf90e088e28d,12.9386,sam2_mask,ok,D:\Vipin\projects\leaf_coverage_detector\experiments\9.3.coatnet_2_rw_224_experimentation\runs\exp11_9\images\8c59cf90e088e28d,16,1,0,
8c65048bba801ba7,42.3623,sam2_mask,ok,D:\Vipin\projects\leaf_coverage_detector\experiments\9.3.coatnet_2_rw_224_experimentation\runs\exp11_9\images\8c65048bba801ba7,17,1,0,
8c78fc133d0dd70e,7.7104,sam2_mask,ok,D:\Vipin\projects\leaf_coverage_detector\experiments\9.3.coatnet_2_rw_224_experimentation\runs\exp11_9\images\8c78fc133d0dd70e,13,1,0,
8d4a126c69dabc78,0.0,ignore,ignored_manual_review,D:\Vipin\projects\leaf_coverage_detector\experiments\9.3.coatnet_2_rw_224_experimentation\runs\exp11_9\images\8d4a126c69dabc78,,0,0,
8e48dccd684f958d,0.1882,ignore,ignored_manual_review,D:\Vipin\projects\leaf_coverage_detector\experiments\9.3.coatnet_2_rw_224_experimentation\runs\exp11_9\images\8e48dccd684f958d,,0,0,
8e501e029d2efe73,18.1926,sam2_mask,ok,D:\Vipin\projects\leaf_coverage_detector\experiments\9.3.coatnet_2_rw_224_experimentation\runs\exp11_9\images\8e501e029d2efe73,14,1,0,
8f11ded097bd2e3e,57.13,sam2_mask,ok,D:\Vipin\projects\leaf_coverage_detector\experiments\9.3.coatnet_2_rw_224_experimentation\runs\exp11_9\images\8f11ded097bd2e3e,7,1,0,
90e14ed6a028fb55,23.9071,sam2_mask,ok,D:\Vipin\projects\leaf_coverage_detector\experiments\9.3.coatnet_2_rw_224_experimentation\runs\exp11_9\images\90e14ed6a028fb55,13,1,0,
915539dca49a0e29,18.0428,sam2_mask,ok,D:\Vipin\projects\leaf_coverage_detector\experiments\9.3.coatnet_2_rw_224_experimentation\runs\exp11_9\images\915539dca49a0e29,12,1,0,
9182803e91faa9e8,11.1437,sam2_mask,ok,D:\Vipin\projects\leaf_coverage_detector\experiments\9.3.coatnet_2_rw_224_experimentation\runs\exp11_9\images\9182803e91faa9e8,12,1,0,
91c0498915086b08,0.0,ignore,ignored_manual_review,D:\Vipin\projects\leaf_coverage_detector\experiments\9.3.coatnet_2_rw_224_experimentation\runs\exp11_9\images\91c0498915086b08,,0,0,
91cbbe94be28ee53,5.9291,sam2_mask,ok,D:\Vipin\projects\leaf_coverage_detector\experiments\9.3.coatnet_2_rw_224_experimentation\runs\exp11_9\images\91cbbe94be28ee53,5,1,0,
93025f4421868cc1,13.1573,sam2_mask,ok,D:\Vipin\projects\leaf_coverage_detector\experiments\9.3.coatnet_2_rw_224_experimentation\runs\exp11_9\images\93025f4421868cc1,5,1,0,
930ad2752cf250ac,0.0,ignore,ignored_manual_review,D:\Vipin\projects\leaf_coverage_detector\experiments\9.3.coatnet_2_rw_224_experimentation\runs\exp11_9\images\930ad2752cf250ac,,0,0,
93be5c1cc408704b,3.8473,sam2_mask,ok,D:\Vipin\projects\leaf_coverage_detector\experiments\9.3.coatnet_2_rw_224_experimentation\runs\exp11_9\images\93be5c1cc408704b,8,1,0,
945dfd6bf7deca16,34.6024,sam2_mask,ok,D:\Vipin\projects\leaf_coverage_detector\experiments\9.3.coatnet_2_rw_224_experimentation\runs\exp11_9\images\945dfd6bf7deca16,9,1,0,
9493303f99228577,47.2508,sam2_mask,ok,D:\Vipin\projects\leaf_coverage_detector\experiments\9.3.coatnet_2_rw_224_experimentation\runs\exp11_9\images\9493303f99228577,10,1,0,
95c3a91cfd3a811c,19.6235,sam2_mask,ok,D:\Vipin\projects\leaf_coverage_detector\experiments\9.3.coatnet_2_rw_224_experimentation\runs\exp11_9\images\95c3a91cfd3a811c,17,1,0,
96353382aef73690,50.4959,sam2_mask,ok,D:\Vipin\projects\leaf_coverage_detector\experiments\9.3.coatnet_2_rw_224_experimentation\runs\exp11_9\images\96353382aef73690,9,1,0,
9665ce0995c6dd28,15.211,sam2_mask,ok,D:\Vipin\projects\leaf_coverage_detector\experiments\9.3.coatnet_2_rw_224_experimentation\runs\exp11_9\images\9665ce0995c6dd28,12,1,0,
96de580eda0882d0,31.6702,sam2_mask,ok,D:\Vipin\projects\leaf_coverage_detector\experiments\9.3.coatnet_2_rw_224_experimentation\runs\exp11_9\images\96de580eda0882d0,9,1,0,
98d64ad7df92d9df,16.3632,sam2_mask,ok,D:\Vipin\projects\leaf_coverage_detector\experiments\9.3.coatnet_2_rw_224_experimentation\runs\exp11_9\images\98d64ad7df92d9df,11,1,0,
9942bfc339773c9e,10.1123,sam2_mask,ok,D:\Vipin\projects\leaf_coverage_detector\experiments\9.3.coatnet_2_rw_224_experimentation\runs\exp11_9\images\9942bfc339773c9e,6,1,0,
9a9c165f1c328411,0.0,ignore,ignored_manual_review,D:\Vipin\projects\leaf_coverage_detector\experiments\9.3.coatnet_2_rw_224_experimentation\runs\exp11_9\images\9a9c165f1c328411,,0,0,
9b64ee7c2e10da95,0.0,ignore,ignored_manual_review,D:\Vipin\projects\leaf_coverage_detector\experiments\9.3.coatnet_2_rw_224_experimentation\runs\exp11_9\images\9b64ee7c2e10da95,,0,0,
9c5b246c1670e274,54.2438,sam2_mask,ok,D:\Vipin\projects\leaf_coverage_detector\experiments\9.3.coatnet_2_rw_224_experimentation\runs\exp11_9\images\9c5b246c1670e274,7,1,0,
9cd2ee91ee8b2e2a,19.2685,sam2_mask,ok,D:\Vipin\projects\leaf_coverage_detector\experiments\9.3.coatnet_2_rw_224_experimentation\runs\exp11_9\images\9cd2ee91ee8b2e2a,7,1,0,
9d4b37c55f4e9b2f,6.7718,sam2_mask,ok,D:\Vipin\projects\leaf_coverage_detector\experiments\9.3.coatnet_2_rw_224_experimentation\runs\exp11_9\images\9d4b37c55f4e9b2f,7,1,0,
9d7d8dc96fcdaf88,1.1121,sam2_mask,ok,D:\Vipin\projects\leaf_coverage_detector\experiments\9.3.coatnet_2_rw_224_experimentation\runs\exp11_9\images\9d7d8dc96fcdaf88,4,1,0,
9d8fd05c75a13434,52.4743,sam2_mask,ok,D:\Vipin\projects\leaf_coverage_detector\experiments\9.3.coatnet_2_rw_224_experimentation\runs\exp11_9\images\9d8fd05c75a13434,8,1,0,
9dc604349a039fff,0.304,ignore,ignored_manual_review,D:\Vipin\projects\leaf_coverage_detector\experiments\9.3.coatnet_2_rw_224_experimentation\runs\exp11_9\images\9dc604349a039fff,,0,0,
9de209897cb81ac3,0.8993,ignore,ignored_manual_review,D:\Vipin\projects\leaf_coverage_detector\experiments\9.3.coatnet_2_rw_224_experimentation\runs\exp11_9\images\9de209897cb81ac3,,0,0,
9e38479c563c721c,0.6178,ignore,ignored_manual_review,D:\Vipin\projects\leaf_coverage_detector\experiments\9.3.coatnet_2_rw_224_experimentation\runs\exp11_9\images\9e38479c563c721c,,0,0,
9e4a49e90f85dc8f,28.9663,sam2_mask,ok,D:\Vipin\projects\leaf_coverage_detector\experiments\9.3.coatnet_2_rw_224_experimentation\runs\exp11_9\images\9e4a49e90f85dc8f,11,1,0,
9fa47d5f7540e4ab,9.5348,sam2_mask,ok,D:\Vipin\projects\leaf_coverage_detector\experiments\9.3.coatnet_2_rw_224_experimentation\runs\exp11_9\images\9fa47d5f7540e4ab,16,1,0,
a1503ca7034df086,64.329,sam2_mask,ok,D:\Vipin\projects\leaf_coverage_detector\experiments\9.3.coatnet_2_rw_224_experimentation\runs\exp11_9\images\a1503ca7034df086,6,1,0,
a4df4f1d9515a950,43.6616,sam2_mask,ok,D:\Vipin\projects\leaf_coverage_detector\experiments\9.3.coatnet_2_rw_224_experimentation\runs\exp11_9\images\a4df4f1d9515a950,6,1,0,
a7b6e5743fc7d0d0,8.6396,sam2_mask,ok,D:\Vipin\projects\leaf_coverage_detector\experiments\9.3.coatnet_2_rw_224_experimentation\runs\exp11_9\images\a7b6e5743fc7d0d0,4,1,0,
a7d0fe06ee09445c,4.9237,sam2_mask,ok,D:\Vipin\projects\leaf_coverage_detector\experiments\9.3.coatnet_2_rw_224_experimentation\runs\exp11_9\images\a7d0fe06ee09445c,4,1,0,
a8b39d0bef50cdc3,45.327,sam2_mask,ok,D:\Vipin\projects\leaf_coverage_detector\experiments\9.3.coatnet_2_rw_224_experimentation\runs\exp11_9\images\a8b39d0bef50cdc3,1,1,0,
aea7241905c71588,76.1795,sam2_mask,ok,D:\Vipin\projects\leaf_coverage_detector\experiments\9.3.coatnet_2_rw_224_experimentation\runs\exp11_9\images\aea7241905c71588,1,1,0,
af880ab951155623,18.5988,sam2_mask,ok,D:\Vipin\projects\leaf_coverage_detector\experiments\9.3.coatnet_2_rw_224_experimentation\runs\exp11_9\images\af880ab951155623,6,1,0,
b20df31bf813653a,50.3888,sam2_mask,ok,D:\Vipin\projects\leaf_coverage_detector\experiments\9.3.coatnet_2_rw_224_experimentation\runs\exp11_9\images\b20df31bf813653a,8,1,0,
b462e696eb51f455,53.4859,sam2_mask,ok,D:\Vipin\projects\leaf_coverage_detector\experiments\9.3.coatnet_2_rw_224_experimentation\runs\exp11_9\images\b462e696eb51f455,5,1,0,
b91d6c741faf4d8c,50.1508,sam2_mask,ok,D:\Vipin\projects\leaf_coverage_detector\experiments\9.3.coatnet_2_rw_224_experimentation\runs\exp11_9\images\b91d6c741faf4d8c,8,1,0,
baae5608054f78e3,1.784,sam2_mask,ok,D:\Vipin\projects\leaf_coverage_detector\experiments\9.3.coatnet_2_rw_224_experimentation\runs\exp11_9\images\baae5608054f78e3,11,1,0,
bd871f1ba1887286,9.9893,sam2_mask,ok,D:\Vipin\projects\leaf_coverage_detector\experiments\9.3.coatnet_2_rw_224_experimentation\runs\exp11_9\images\bd871f1ba1887286,11,1,0,
be104ea1ca71e12c,1.0032,sam2_mask,ok,D:\Vipin\projects\leaf_coverage_detector\experiments\9.3.coatnet_2_rw_224_experimentation\runs\exp11_9\images\be104ea1ca71e12c,3,1,0,
be642eb79189aed0,26.7585,sam2_mask,ok,D:\Vipin\projects\leaf_coverage_detector\experiments\9.3.coatnet_2_rw_224_experimentation\runs\exp11_9\images\be642eb79189aed0,2,1,0,
bf67b84b7283b0c7,23.2629,sam2_mask,ok,D:\Vipin\projects\leaf_coverage_detector\experiments\9.3.coatnet_2_rw_224_experimentation\runs\exp11_9\images\bf67b84b7283b0c7,7,1,0,
c013de7bf8bac523,67.7846,sam2_mask,ok,D:\Vipin\projects\leaf_coverage_detector\experiments\9.3.coatnet_2_rw_224_experimentation\runs\exp11_9\images\c013de7bf8bac523,6,1,0,
c06c66363fb2cc7c,2.1515,sam2_mask,ok,D:\Vipin\projects\leaf_coverage_detector\experiments\9.3.coatnet_2_rw_224_experimentation\runs\exp11_9\images\c06c66363fb2cc7c,1,1,0,
c2338d244920bc83,6.5538,sam2_mask,ok,D:\Vipin\projects\leaf_coverage_detector\experiments\9.3.coatnet_2_rw_224_experimentation\runs\exp11_9\images\c2338d244920bc83,4,1,0,
c2653c550139d15c,0.2193,ignore,ignored_manual_review,D:\Vipin\projects\leaf_coverage_detector\experiments\9.3.coatnet_2_rw_224_experimentation\runs\exp11_9\images\c2653c550139d15c,,0,0,
c38c59c050aa400f,42.2549,sam2_mask,ok,D:\Vipin\projects\leaf_coverage_detector\experiments\9.3.coatnet_2_rw_224_experimentation\runs\exp11_9\images\c38c59c050aa400f,2,1,0,
c458ff7c3ca4281c,21.9425,sam2_mask,ok,D:\Vipin\projects\leaf_coverage_detector\experiments\9.3.coatnet_2_rw_224_experimentation\runs\exp11_9\images\c458ff7c3ca4281c,6,1,0,
c4edd372702a49eb,51.9804,sam2_mask,ok,D:\Vipin\projects\leaf_coverage_detector\experiments\9.3.coatnet_2_rw_224_experimentation\runs\exp11_9\images\c4edd372702a49eb,12,1,0,
c715d33d53fd7aeb,84.1348,sam2_mask,ok,D:\Vipin\projects\leaf_coverage_detector\experiments\9.3.coatnet_2_rw_224_experimentation\runs\exp11_9\images\c715d33d53fd7aeb,1,1,0,
c7cb0ed377b5cfad,16.4414,sam2_mask,ok,D:\Vipin\projects\leaf_coverage_detector\experiments\9.3.coatnet_2_rw_224_experimentation\runs\exp11_9\images\c7cb0ed377b5cfad,8,1,0,
c827cbb9866d255c,27.3947,sam2_mask,ok,D:\Vipin\projects\leaf_coverage_detector\experiments\9.3.coatnet_2_rw_224_experimentation\runs\exp11_9\images\c827cbb9866d255c,7,1,0,
c8e74bab351ad6fa,49.1259,sam2_mask,ok,D:\Vipin\projects\leaf_coverage_detector\experiments\9.3.coatnet_2_rw_224_experimentation\runs\exp11_9\images\c8e74bab351ad6fa,9,1,0,
c95f50a07f58dd6e,24.2854,sam2_mask,ok,D:\Vipin\projects\leaf_coverage_detector\experiments\9.3.coatnet_2_rw_224_experimentation\runs\exp11_9\images\c95f50a07f58dd6e,14,1,0,
ca7ea05b1bbafa5e,63.1051,sam2_mask,ok,D:\Vipin\projects\leaf_coverage_detector\experiments\9.3.coatnet_2_rw_224_experimentation\runs\exp11_9\images\ca7ea05b1bbafa5e,6,1,0,
ca8330d19d20483e,21.1035,sam2_mask,ok,D:\Vipin\projects\leaf_coverage_detector\experiments\9.3.coatnet_2_rw_224_experimentation\runs\exp11_9\images\ca8330d19d20483e,14,1,0,
cb11fa5b4c5cea1e,70.2694,sam2_mask,ok,D:\Vipin\projects\leaf_coverage_detector\experiments\9.3.coatnet_2_rw_224_experimentation\runs\exp11_9\images\cb11fa5b4c5cea1e,4,1,0,
cbf077ffba9f5005,16.6508,sam2_mask,ok,D:\Vipin\projects\leaf_coverage_detector\experiments\9.3.coatnet_2_rw_224_experimentation\runs\exp11_9\images\cbf077ffba9f5005,20,1,0,
cd588bf19392f463,14.5789,sam2_mask,ok,D:\Vipin\projects\leaf_coverage_detector\experiments\9.3.coatnet_2_rw_224_experimentation\runs\exp11_9\images\cd588bf19392f463,5,1,0,
ceaae4a8f113e0de,60.168,sam2_mask,ok,D:\Vipin\projects\leaf_coverage_detector\experiments\9.3.coatnet_2_rw_224_experimentation\runs\exp11_9\images\ceaae4a8f113e0de,6,1,0,
d072ba9ce17f95ec,18.8338,sam2_mask,ok,D:\Vipin\projects\leaf_coverage_detector\experiments\9.3.coatnet_2_rw_224_experimentation\runs\exp11_9\images\d072ba9ce17f95ec,12,1,0,
d09ee5eccbb892dd,13.1525,sam2_mask,ok,D:\Vipin\projects\leaf_coverage_detector\experiments\9.3.coatnet_2_rw_224_experimentation\runs\exp11_9\images\d09ee5eccbb892dd,21,1,0,
d1f80f5a961e101e,5.0173,sam2_mask,ok,D:\Vipin\projects\leaf_coverage_detector\experiments\9.3.coatnet_2_rw_224_experimentation\runs\exp11_9\images\d1f80f5a961e101e,3,1,0,
d230ba9fcd4af086,26.9807,sam2_mask,ok,D:\Vipin\projects\leaf_coverage_detector\experiments\9.3.coatnet_2_rw_224_experimentation\runs\exp11_9\images\d230ba9fcd4af086,11,1,0,
d29aa96024427ba5,10.7943,sam2_mask,ok,D:\Vipin\projects\leaf_coverage_detector\experiments\9.3.coatnet_2_rw_224_experimentation\runs\exp11_9\images\d29aa96024427ba5,19,1,0,
d42048fb365edf68,59.4102,sam2_mask,ok,D:\Vipin\projects\leaf_coverage_detector\experiments\9.3.coatnet_2_rw_224_experimentation\runs\exp11_9\images\d42048fb365edf68,9,1,0,
d559bb3df110eaec,42.7285,sam2_mask,ok,D:\Vipin\projects\leaf_coverage_detector\experiments\9.3.coatnet_2_rw_224_experimentation\runs\exp11_9\images\d559bb3df110eaec,9,1,0,
d5d83969d28baf94,8.9378,sam2_mask,ok,D:\Vipin\projects\leaf_coverage_detector\experiments\9.3.coatnet_2_rw_224_experimentation\runs\exp11_9\images\d5d83969d28baf94,9,1,0,
d6ed854242fb2496,4.1116,sam2_mask,ok,D:\Vipin\projects\leaf_coverage_detector\experiments\9.3.coatnet_2_rw_224_experimentation\runs\exp11_9\images\d6ed854242fb2496,15,1,0,
d7d3e17ee0290098,18.6543,sam2_mask,ok,D:\Vipin\projects\leaf_coverage_detector\experiments\9.3.coatnet_2_rw_224_experimentation\runs\exp11_9\images\d7d3e17ee0290098,8,1,0,
d8658a1a753b5bc5,0.0,ignore,ignored_manual_review,D:\Vipin\projects\leaf_coverage_detector\experiments\9.3.coatnet_2_rw_224_experimentation\runs\exp11_9\images\d8658a1a753b5bc5,,0,0,
d88231f723899928,30.3109,sam2_mask,ok,D:\Vipin\projects\leaf_coverage_detector\experiments\9.3.coatnet_2_rw_224_experimentation\runs\exp11_9\images\d88231f723899928,8,1,0,
d882d4aecc054092,43.4449,sam2_mask,ok,D:\Vipin\projects\leaf_coverage_detector\experiments\9.3.coatnet_2_rw_224_experimentation\runs\exp11_9\images\d882d4aecc054092,4,1,0,
d9660d04011d8f3f,33.8327,sam2_mask,ok,D:\Vipin\projects\leaf_coverage_detector\experiments\9.3.coatnet_2_rw_224_experimentation\runs\exp11_9\images\d9660d04011d8f3f,7,1,0,
daebbaf365f0017c,42.7614,sam2_mask,ok,D:\Vipin\projects\leaf_coverage_detector\experiments\9.3.coatnet_2_rw_224_experimentation\runs\exp11_9\images\daebbaf365f0017c,6,1,0,
daef4533c49f9d20,35.0267,sam2_mask,ok,D:\Vipin\projects\leaf_coverage_detector\experiments\9.3.coatnet_2_rw_224_experimentation\runs\exp11_9\images\daef4533c49f9d20,8,1,0,
dc581f81c633c58a,61.1102,sam2_mask,ok,D:\Vipin\projects\leaf_coverage_detector\experiments\9.3.coatnet_2_rw_224_experimentation\runs\exp11_9\images\dc581f81c633c58a,4,1,0,
dd17749dae011a61,38.1267,sam2_mask,ok,D:\Vipin\projects\leaf_coverage_detector\experiments\9.3.coatnet_2_rw_224_experimentation\runs\exp11_9\images\dd17749dae011a61,8,1,0,
de6ce0e1e30e284b,6.8163,sam2_mask,ok,D:\Vipin\projects\leaf_coverage_detector\experiments\9.3.coatnet_2_rw_224_experimentation\runs\exp11_9\images\de6ce0e1e30e284b,12,1,0,
de75a9149720df6a,54.3316,sam2_mask,ok,D:\Vipin\projects\leaf_coverage_detector\experiments\9.3.coatnet_2_rw_224_experimentation\runs\exp11_9\images\de75a9149720df6a,8,1,0,
df6a25f54bef7acf,39.89,sam2_mask,ok,D:\Vipin\projects\leaf_coverage_detector\experiments\9.3.coatnet_2_rw_224_experimentation\runs\exp11_9\images\df6a25f54bef7acf,5,1,0,
e07197000352c4e6,29.0617,sam2_mask,ok,D:\Vipin\projects\leaf_coverage_detector\experiments\9.3.coatnet_2_rw_224_experimentation\runs\exp11_9\images\e07197000352c4e6,11,1,0,
e089c6dfb59c9713,22.6721,sam2_mask,ok,D:\Vipin\projects\leaf_coverage_detector\experiments\9.3.coatnet_2_rw_224_experimentation\runs\exp11_9\images\e089c6dfb59c9713,15,1,0,
e16e8f4bc3a4c02c,55.5476,sam2_mask,ok,D:\Vipin\projects\leaf_coverage_detector\experiments\9.3.coatnet_2_rw_224_experimentation\runs\exp11_9\images\e16e8f4bc3a4c02c,5,1,0,
e1a69c0fdbc7d1ca,27.9303,sam2_mask,ok,D:\Vipin\projects\leaf_coverage_detector\experiments\9.3.coatnet_2_rw_224_experimentation\runs\exp11_9\images\e1a69c0fdbc7d1ca,14,1,0,
e24f001421505b02,58.1964,sam2_mask,ok,D:\Vipin\projects\leaf_coverage_detector\experiments\9.3.coatnet_2_rw_224_experimentation\runs\exp11_9\images\e24f001421505b02,5,1,0,
e2768949992921f2,42.7685,sam2_mask,ok,D:\Vipin\projects\leaf_coverage_detector\experiments\9.3.coatnet_2_rw_224_experimentation\runs\exp11_9\images\e2768949992921f2,10,1,0,
e2b533ce6dffbc09,17.446,sam2_mask,ok,D:\Vipin\projects\leaf_coverage_detector\experiments\9.3.coatnet_2_rw_224_experimentation\runs\exp11_9\images\e2b533ce6dffbc09,6,1,0,
e2e97895cfe67578,14.1521,sam2_mask,ok,D:\Vipin\projects\leaf_coverage_detector\experiments\9.3.coatnet_2_rw_224_experimentation\runs\exp11_9\images\e2e97895cfe67578,19,1,0,
e2efb3a48a36bf90,39.5316,sam2_mask,ok,D:\Vipin\projects\leaf_coverage_detector\experiments\9.3.coatnet_2_rw_224_experimentation\runs\exp11_9\images\e2efb3a48a36bf90,7,1,0,
e326a4e59e147dab,13.1988,sam2_mask,ok,D:\Vipin\projects\leaf_coverage_detector\experiments\9.3.coatnet_2_rw_224_experimentation\runs\exp11_9\images\e326a4e59e147dab,13,1,0,
e395101ad14f7b91,37.8702,sam2_mask,ok,D:\Vipin\projects\leaf_coverage_detector\experiments\9.3.coatnet_2_rw_224_experimentation\runs\exp11_9\images\e395101ad14f7b91,4,1,0,
e39db905b88396e1,0.0,ignore,ignored_manual_review,D:\Vipin\projects\leaf_coverage_detector\experiments\9.3.coatnet_2_rw_224_experimentation\runs\exp11_9\images\e39db905b88396e1,,0,0,
e3d2a0fed7b5dac1,0.0,ignore,ignored_manual_review,D:\Vipin\projects\leaf_coverage_detector\experiments\9.3.coatnet_2_rw_224_experimentation\runs\exp11_9\images\e3d2a0fed7b5dac1,,0,0,
e47ca8d07986bb8d,58.0864,sam2_mask,ok,D:\Vipin\projects\leaf_coverage_detector\experiments\9.3.coatnet_2_rw_224_experimentation\runs\exp11_9\images\e47ca8d07986bb8d,9,1,0,
e555c538ef7cd243,53.7949,sam2_mask,ok,D:\Vipin\projects\leaf_coverage_detector\experiments\9.3.coatnet_2_rw_224_experimentation\runs\exp11_9\images\e555c538ef7cd243,10,1,0,
e630e4aea5ad0556,14.6688,sam2_mask,ok,D:\Vipin\projects\leaf_coverage_detector\experiments\9.3.coatnet_2_rw_224_experimentation\runs\exp11_9\images\e630e4aea5ad0556,8,1,0,
e675a39469690843,28.1861,sam2_mask,ok,D:\Vipin\projects\leaf_coverage_detector\experiments\9.3.coatnet_2_rw_224_experimentation\runs\exp11_9\images\e675a39469690843,11,1,0,
e6ddad3d786a45a4,30.4689,sam2_mask,ok,D:\Vipin\projects\leaf_coverage_detector\experiments\9.3.coatnet_2_rw_224_experimentation\runs\exp11_9\images\e6ddad3d786a45a4,17,1,0,
e7853a328e0586c5,5.0943,sam2_mask,ok,D:\Vipin\projects\leaf_coverage_detector\experiments\9.3.coatnet_2_rw_224_experimentation\runs\exp11_9\images\e7853a328e0586c5,5,1,0,
e88f11264d78808d,33.6271,sam2_mask,ok,D:\Vipin\projects\leaf_coverage_detector\experiments\9.3.coatnet_2_rw_224_experimentation\runs\exp11_9\images\e88f11264d78808d,19,1,0,
e8b7e5b38fd2d14a,36.1012,sam2_mask,ok,D:\Vipin\projects\leaf_coverage_detector\experiments\9.3.coatnet_2_rw_224_experimentation\runs\exp11_9\images\e8b7e5b38fd2d14a,15,1,0,
e8c91f0894529bb7,13.0017,sam2_mask,ok,D:\Vipin\projects\leaf_coverage_detector\experiments\9.3.coatnet_2_rw_224_experimentation\runs\exp11_9\images\e8c91f0894529bb7,14,1,0,
e9147c7c8d168b21,16.3107,sam2_mask,ok,D:\Vipin\projects\leaf_coverage_detector\experiments\9.3.coatnet_2_rw_224_experimentation\runs\exp11_9\images\e9147c7c8d168b21,8,1,0,
e94c9317aaf43ba6,40.1009,sam2_mask,ok,D:\Vipin\projects\leaf_coverage_detector\experiments\9.3.coatnet_2_rw_224_experimentation\runs\exp11_9\images\e94c9317aaf43ba6,11,1,0,
eb627199dd9e6908,38.2458,sam2_mask,ok,D:\Vipin\projects\leaf_coverage_detector\experiments\9.3.coatnet_2_rw_224_experimentation\runs\exp11_9\images\eb627199dd9e6908,10,1,0,
ebbb1c68b8a7da47,39.2938,sam2_mask,ok,D:\Vipin\projects\leaf_coverage_detector\experiments\9.3.coatnet_2_rw_224_experimentation\runs\exp11_9\images\ebbb1c68b8a7da47,6,1,0,
ec802a609a9771b2,44.5484,sam2_mask,ok,D:\Vipin\projects\leaf_coverage_detector\experiments\9.3.coatnet_2_rw_224_experimentation\runs\exp11_9\images\ec802a609a9771b2,8,1,0,
ecdf7dacece5e45f,16.428,sam2_mask,ok,D:\Vipin\projects\leaf_coverage_detector\experiments\9.3.coatnet_2_rw_224_experimentation\runs\exp11_9\images\ecdf7dacece5e45f,19,1,0,
ed3a8de5c6d3cb31,53.3789,sam2_mask,ok,D:\Vipin\projects\leaf_coverage_detector\experiments\9.3.coatnet_2_rw_224_experimentation\runs\exp11_9\images\ed3a8de5c6d3cb31,12,1,0,
edd169494930a47a,21.8744,sam2_mask,ok,D:\Vipin\projects\leaf_coverage_detector\experiments\9.3.coatnet_2_rw_224_experimentation\runs\exp11_9\images\edd169494930a47a,12,1,0,
edec18519310dde8,10.077,sam2_mask,ok,D:\Vipin\projects\leaf_coverage_detector\experiments\9.3.coatnet_2_rw_224_experimentation\runs\exp11_9\images\edec18519310dde8,8,1,0,
ee39489a0a232d7e,68.2498,sam2_mask,ok,D:\Vipin\projects\leaf_coverage_detector\experiments\9.3.coatnet_2_rw_224_experimentation\runs\exp11_9\images\ee39489a0a232d7e,5,1,0,
ee5741785c80f9c2,0.0,ignore,ignored_manual_review,D:\Vipin\projects\leaf_coverage_detector\experiments\9.3.coatnet_2_rw_224_experimentation\runs\exp11_9\images\ee5741785c80f9c2,,0,0,
ee6274d7fea6ebbe,33.9049,sam2_mask,ok,D:\Vipin\projects\leaf_coverage_detector\experiments\9.3.coatnet_2_rw_224_experimentation\runs\exp11_9\images\ee6274d7fea6ebbe,9,1,0,
eeafc7fb211e9efc,79.1507,sam2_mask,ok,D:\Vipin\projects\leaf_coverage_detector\experiments\9.3.coatnet_2_rw_224_experimentation\runs\exp11_9\images\eeafc7fb211e9efc,2,1,0,
ef1ce7bf17be0334,9.4019,sam2_mask,ok,D:\Vipin\projects\leaf_coverage_detector\experiments\9.3.coatnet_2_rw_224_experimentation\runs\exp11_9\images\ef1ce7bf17be0334,7,1,0,
f03525473f1f3ae9,43.4414,sam2_mask,ok,D:\Vipin\projects\leaf_coverage_detector\experiments\9.3.coatnet_2_rw_224_experimentation\runs\exp11_9\images\f03525473f1f3ae9,2,1,0,
f15bf4e12f4b5317,18.5936,sam2_mask,ok,D:\Vipin\projects\leaf_coverage_detector\experiments\9.3.coatnet_2_rw_224_experimentation\runs\exp11_9\images\f15bf4e12f4b5317,13,1,0,
f1c27399265f4466,20.0631,sam2_mask,ok,D:\Vipin\projects\leaf_coverage_detector\experiments\9.3.coatnet_2_rw_224_experimentation\runs\exp11_9\images\f1c27399265f4466,14,1,0,
f224e871f6f9a6bf,38.3134,sam2_mask,ok,D:\Vipin\projects\leaf_coverage_detector\experiments\9.3.coatnet_2_rw_224_experimentation\runs\exp11_9\images\f224e871f6f9a6bf,14,1,0,
f26c1a04717cf1ff,42.0741,sam2_mask,ok,D:\Vipin\projects\leaf_coverage_detector\experiments\9.3.coatnet_2_rw_224_experimentation\runs\exp11_9\images\f26c1a04717cf1ff,12,1,0,
f2c9a6ba914c7f61,4.2563,sam2_mask,ok,D:\Vipin\projects\leaf_coverage_detector\experiments\9.3.coatnet_2_rw_224_experimentation\runs\exp11_9\images\f2c9a6ba914c7f61,4,1,0,
f2e33bb5a3886d4a,29.3411,sam2_mask,ok,D:\Vipin\projects\leaf_coverage_detector\experiments\9.3.coatnet_2_rw_224_experimentation\runs\exp11_9\images\f2e33bb5a3886d4a,17,1,0,
f2e5728f4694fc6f,13.7835,sam2_mask,ok,D:\Vipin\projects\leaf_coverage_detector\experiments\9.3.coatnet_2_rw_224_experimentation\runs\exp11_9\images\f2e5728f4694fc6f,12,1,0,
f31828693d2afa31,1.6264,sam2_mask,ok,D:\Vipin\projects\leaf_coverage_detector\experiments\9.3.coatnet_2_rw_224_experimentation\runs\exp11_9\images\f31828693d2afa31,5,1,0,
f51c99c9a1301a5b,33.7659,sam2_mask,ok,D:\Vipin\projects\leaf_coverage_detector\experiments\9.3.coatnet_2_rw_224_experimentation\runs\exp11_9\images\f51c99c9a1301a5b,14,1,0,
f523dcbbdbb51b82,27.673,sam2_mask,ok,D:\Vipin\projects\leaf_coverage_detector\experiments\9.3.coatnet_2_rw_224_experimentation\runs\exp11_9\images\f523dcbbdbb51b82,13,1,0,
f59f988dfb158bc9,0.1307,ignore,ignored_manual_review,D:\Vipin\projects\leaf_coverage_detector\experiments\9.3.coatnet_2_rw_224_experimentation\runs\exp11_9\images\f59f988dfb158bc9,,0,0,
f6c61aa41d9a2192,23.6864,sam2_mask,ok,D:\Vipin\projects\leaf_coverage_detector\experiments\9.3.coatnet_2_rw_224_experimentation\runs\exp11_9\images\f6c61aa41d9a2192,8,1,0,
f715e75e24cbcc7e,8.1547,sam2_mask,ok,D:\Vipin\projects\leaf_coverage_detector\experiments\9.3.coatnet_2_rw_224_experimentation\runs\exp11_9\images\f715e75e24cbcc7e,4,1,0,
f8752f234239f596,52.0228,sam2_mask,ok,D:\Vipin\projects\leaf_coverage_detector\experiments\9.3.coatnet_2_rw_224_experimentation\runs\exp11_9\images\f8752f234239f596,8,1,0,
f899635f77f4fbb2,61.6487,sam2_mask,ok,D:\Vipin\projects\leaf_coverage_detector\experiments\9.3.coatnet_2_rw_224_experimentation\runs\exp11_9\images\f899635f77f4fbb2,4,1,0,
fa7c45e952c4d6e8,56.3773,sam2_mask,ok,D:\Vipin\projects\leaf_coverage_detector\experiments\9.3.coatnet_2_rw_224_experimentation\runs\exp11_9\images\fa7c45e952c4d6e8,9,1,0,
fb3b4e804cf25f4c,37.1616,sam2_mask,ok,D:\Vipin\projects\leaf_coverage_detector\experiments\9.3.coatnet_2_rw_224_experimentation\runs\exp11_9\images\fb3b4e804cf25f4c,20,1,0,
fc39c51f8db2637d,7.8037,sam2_mask,ok,D:\Vipin\projects\leaf_coverage_detector\experiments\9.3.coatnet_2_rw_224_experimentation\runs\exp11_9\images\fc39c51f8db2637d,10,1,0,
fe0b8d8a76733d80,0.0,ignore,ignored_manual_review,D:\Vipin\projects\leaf_coverage_detector\experiments\9.3.coatnet_2_rw_224_experimentation\runs\exp11_9\images\fe0b8d8a76733d80,,0,0,
fe542cf9379ffae6,9.4178,sam2_mask,ok,D:\Vipin\projects\leaf_coverage_detector\experiments\9.3.coatnet_2_rw_224_experimentation\runs\exp11_9\images\fe542cf9379ffae6,10,1,0,
fe910e2511c644d7,14.144,sam2_mask,ok,D:\Vipin\projects\leaf_coverage_detector\experiments\9.3.coatnet_2_rw_224_experimentation\runs\exp11_9\images\fe910e2511c644d7,13,1,0,
ff77b6d558e0e494,50.7001,sam2_mask,ok,D:\Vipin\projects\leaf_coverage_detector\experiments\9.3.coatnet_2_rw_224_experimentation\runs\exp11_9\images\ff77b6d558e0e494,10,1,0,
ffd1eb00a266c318,29.6516,sam2_mask,ok,D:\Vipin\projects\leaf_coverage_detector\experiments\9.3.coatnet_2_rw_224_experimentation\runs\exp11_9\images\ffd1eb00a266c318,9,1,0,
msja9s6l1fink01s76v94cbe,3.2908,sam2_mask,ok,D:\Vipin\projects\leaf_coverage_detector\experiments\9.3.coatnet_2_rw_224_experimentation\runs\exp11_9\images\msja9s6l1fink01s76v94cbe,2,1,0,
msjaoxi71ekxi7w6iqcgrsnx,5.1243,sam2_mask,ok,D:\Vipin\projects\leaf_coverage_detector\experiments\9.3.coatnet_2_rw_224_experimentation\runs\exp11_9\images\msjaoxi71ekxi7w6iqcgrsnx,10,1,0,
msjau6pvegqpnosqhkq0rfbl,4.984,sam2_mask,ok,D:\Vipin\projects\leaf_coverage_detector\experiments\9.3.coatnet_2_rw_224_experimentation\runs\exp11_9\images\msjau6pvegqpnosqhkq0rfbl,8,1,0,
mslb0i4vpwmc8nb78dni7z88,19.4323,sam2_mask,ok,D:\Vipin\projects\leaf_coverage_detector\experiments\9.3.coatnet_2_rw_224_experimentation\runs\exp11_9\images\mslb0i4vpwmc8nb78dni7z88,12,1,0,
mslc11s3y0ofe0wceyjqvmj5,13.4288,sam2_mask,ok,D:\Vipin\projects\leaf_coverage_detector\experiments\9.3.coatnet_2_rw_224_experimentation\runs\exp11_9\images\mslc11s3y0ofe0wceyjqvmj5,19,1,0,
mslc536hhenm613ghktzk5yh,18.2043,sam2_mask,ok,D:\Vipin\projects\leaf_coverage_detector\experiments\9.3.coatnet_2_rw_224_experimentation\runs\exp11_9\images\mslc536hhenm613ghktzk5yh,8,1,0,
msliiryvc6irnagw7d0cokfd,6.6583,sam2_mask,ok,D:\Vipin\projects\leaf_coverage_detector\experiments\9.3.coatnet_2_rw_224_experimentation\runs\exp11_9\images\msliiryvc6irnagw7d0cokfd,5,1,0,
msliirywyk8fbetdubf0x0rs,12.0712,sam2_mask,ok,D:\Vipin\projects\leaf_coverage_detector\experiments\9.3.coatnet_2_rw_224_experimentation\runs\exp11_9\images\msliirywyk8fbetdubf0x0rs,11,1,0,
mslilo80k5f1ejldir5yk2t0,19.9638,sam2_mask,ok,D:\Vipin\projects\leaf_coverage_detector\experiments\9.3.coatnet_2_rw_224_experimentation\runs\exp11_9\images\mslilo80k5f1ejldir5yk2t0,13,1,0,
mslkra31k5fe70z4rbpf0vpg,13.5173,sam2_mask,ok,D:\Vipin\projects\leaf_coverage_detector\experiments\9.3.coatnet_2_rw_224_experimentation\runs\exp11_9\images\mslkra31k5fe70z4rbpf0vpg,7,1,0,
mslkra340jvdwhqd0jmet83o,10.0157,sam2_mask,ok,D:\Vipin\projects\leaf_coverage_detector\experiments\9.3.coatnet_2_rw_224_experimentation\runs\exp11_9\images\mslkra340jvdwhqd0jmet83o,9,1,0,
mslkra35jrna27sx0614m7eg,1.1182,sam2_mask,ok,D:\Vipin\projects\leaf_coverage_detector\experiments\9.3.coatnet_2_rw_224_experimentation\runs\exp11_9\images\mslkra35jrna27sx0614m7eg,2,1,0,
mslkra362pr1p6dgvmk2msdu,0.0,ignore,ignored_manual_review,D:\Vipin\projects\leaf_coverage_detector\experiments\9.3.coatnet_2_rw_224_experimentation\runs\exp11_9\images\mslkra362pr1p6dgvmk2msdu,,0,0,
msll1yjlgm0rmbejd6qw7h3m,12.551,sam2_mask,ok,D:\Vipin\projects\leaf_coverage_detector\experiments\9.3.coatnet_2_rw_224_experimentation\runs\exp11_9\images\msll1yjlgm0rmbejd6qw7h3m,11,1,0,
msll1yjqmrps6dsn76kcn7ab,2.8049,sam2_mask,ok,D:\Vipin\projects\leaf_coverage_detector\experiments\9.3.coatnet_2_rw_224_experimentation\runs\exp11_9\images\msll1yjqmrps6dsn76kcn7ab,5,1,0,
msll1yjr1b71v81k0ph6bcj0,9.6667,sam2_mask,ok,D:\Vipin\projects\leaf_coverage_detector\experiments\9.3.coatnet_2_rw_224_experimentation\runs\exp11_9\images\msll1yjr1b71v81k0ph6bcj0,6,1,0,
msll8wiihpr30t95su7t6t9c,17.1607,sam2_mask,ok,D:\Vipin\projects\leaf_coverage_detector\experiments\9.3.coatnet_2_rw_224_experimentation\runs\exp11_9\images\msll8wiihpr30t95su7t6t9c,13,1,0,
msll8wikdztst96twjaf3d03,47.8342,sam2_mask,ok,D:\Vipin\projects\leaf_coverage_detector\experiments\9.3.coatnet_2_rw_224_experimentation\runs\exp11_9\images\msll8wikdztst96twjaf3d03,1,1,0,
msll8wil2l8d78ujruphuew9,42.3387,sam2_mask,ok,D:\Vipin\projects\leaf_coverage_detector\experiments\9.3.coatnet_2_rw_224_experimentation\runs\exp11_9\images\msll8wil2l8d78ujruphuew9,7,1,0,
msll8wilwvwwhwkdx27n1qqq,15.5101,sam2_mask,ok,D:\Vipin\projects\leaf_coverage_detector\experiments\9.3.coatnet_2_rw_224_experimentation\runs\exp11_9\images\msll8wilwvwwhwkdx27n1qqq,10,1,0,
msll8wimclj3ey6htnd96i44,49.6368,sam2_mask,ok,D:\Vipin\projects\leaf_coverage_detector\experiments\9.3.coatnet_2_rw_224_experimentation\runs\exp11_9\images\msll8wimclj3ey6htnd96i44,6,1,0,
msll8wine4y8s8m82gbtmndq,16.8413,sam2_mask,ok,D:\Vipin\projects\leaf_coverage_detector\experiments\9.3.coatnet_2_rw_224_experimentation\runs\exp11_9\images\msll8wine4y8s8m82gbtmndq,13,1,0,
msllaaxxpa7jxx57e407jy9p,0.0,ignore,ignored_manual_review,D:\Vipin\projects\leaf_coverage_detector\experiments\9.3.coatnet_2_rw_224_experimentation\runs\exp11_9\images\msllaaxxpa7jxx57e407jy9p,,0,0,
msllaay07138g9ud65bbnqoa,30.4485,sam2_mask,ok,D:\Vipin\projects\leaf_coverage_detector\experiments\9.3.coatnet_2_rw_224_experimentation\runs\exp11_9\images\msllaay07138g9ud65bbnqoa,7,1,0,
msllbphnmwjaki1ocqzw50fa,6.1898,sam2_mask,ok,D:\Vipin\projects\leaf_coverage_detector\experiments\9.3.coatnet_2_rw_224_experimentation\runs\exp11_9\images\msllbphnmwjaki1ocqzw50fa,14,1,0,
mslld5rjpwfahmmy61v5aw9o,23.2446,sam2_mask,ok,D:\Vipin\projects\leaf_coverage_detector\experiments\9.3.coatnet_2_rw_224_experimentation\runs\exp11_9\images\mslld5rjpwfahmmy61v5aw9o,8,1,0,
msllekzl3p93asn60m72zn2d,0.4117,ignore,ignored_manual_review,D:\Vipin\projects\leaf_coverage_detector\experiments\9.3.coatnet_2_rw_224_experimentation\runs\exp11_9\images\msllekzl3p93asn60m72zn2d,,0,0,
msllfxcobmnujwy7tzwfiqbg,3.7741,sam2_mask,ok,D:\Vipin\projects\leaf_coverage_detector\experiments\9.3.coatnet_2_rw_224_experimentation\runs\exp11_9\images\msllfxcobmnujwy7tzwfiqbg,6,1,0,
s3_Cauliflower__001822e9-48fc-478c-8cc2-0a7e29a7c6c1,23.8615,sam2_mask,ok,D:\Vipin\projects\leaf_coverage_detector\experiments\9.3.coatnet_2_rw_224_experimentation\runs\exp11_9\images\s3_Cauliflower__001822e9-48fc-478c-8cc2-0a7e29a7c6c1,10,1,0,
s3_Cauliflower__02198b3a-83fd-41e0-adc5-ed973e64600c,29.3866,sam2_mask,ok,D:\Vipin\projects\leaf_coverage_detector\experiments\9.3.coatnet_2_rw_224_experimentation\runs\exp11_9\images\s3_Cauliflower__02198b3a-83fd-41e0-adc5-ed973e64600c,16,1,0,
s3_Cauliflower__0679242159626058,0.0,ignore,ignored_manual_review,D:\Vipin\projects\leaf_coverage_detector\experiments\9.3.coatnet_2_rw_224_experimentation\runs\exp11_9\images\s3_Cauliflower__0679242159626058,,0,0,
s3_Cauliflower__08274d3c7853a6e8,7.2119,sam2_mask,ok,D:\Vipin\projects\leaf_coverage_detector\experiments\9.3.coatnet_2_rw_224_experimentation\runs\exp11_9\images\s3_Cauliflower__08274d3c7853a6e8,4,1,0,
s3_Cauliflower__116f42aa6543cbc1,31.4666,sam2_mask,ok,D:\Vipin\projects\leaf_coverage_detector\experiments\9.3.coatnet_2_rw_224_experimentation\runs\exp11_9\images\s3_Cauliflower__116f42aa6543cbc1,10,1,0,
s3_Cauliflower__124f411f744544f4,21.1053,sam2_mask,ok,D:\Vipin\projects\leaf_coverage_detector\experiments\9.3.coatnet_2_rw_224_experimentation\runs\exp11_9\images\s3_Cauliflower__124f411f744544f4,13,1,0,
s3_Cauliflower__133da27600e0b5b6,4.5284,sam2_mask,ok,D:\Vipin\projects\leaf_coverage_detector\experiments\9.3.coatnet_2_rw_224_experimentation\runs\exp11_9\images\s3_Cauliflower__133da27600e0b5b6,2,1,0,
s3_Cauliflower__141064a4c7ae6b28,28.1062,sam2_mask,ok,D:\Vipin\projects\leaf_coverage_detector\experiments\9.3.coatnet_2_rw_224_experimentation\runs\exp11_9\images\s3_Cauliflower__141064a4c7ae6b28,24,1,0,
s3_Cauliflower__1449e2671b6b858b,7.4503,sam2_mask,ok,D:\Vipin\projects\leaf_coverage_detector\experiments\9.3.coatnet_2_rw_224_experimentation\runs\exp11_9\images\s3_Cauliflower__1449e2671b6b858b,12,1,0,
s3_Cauliflower__1763453461556,12.6336,sam2_mask,ok,D:\Vipin\projects\leaf_coverage_detector\experiments\9.3.coatnet_2_rw_224_experimentation\runs\exp11_9\images\s3_Cauliflower__1763453461556,6,1,0,
s3_Cauliflower__1763453875981,0.0028,ignore,ignored_manual_review,D:\Vipin\projects\leaf_coverage_detector\experiments\9.3.coatnet_2_rw_224_experimentation\runs\exp11_9\images\s3_Cauliflower__1763453875981,,0,0,
s3_Cauliflower__1763454158715,1.8451,sam2_mask,ok,D:\Vipin\projects\leaf_coverage_detector\experiments\9.3.coatnet_2_rw_224_experimentation\runs\exp11_9\images\s3_Cauliflower__1763454158715,5,1,0,
s3_Cauliflower__1763635395787,5.6071,sam2_mask,ok,D:\Vipin\projects\leaf_coverage_detector\experiments\9.3.coatnet_2_rw_224_experimentation\runs\exp11_9\images\s3_Cauliflower__1763635395787,7,1,0,
s3_Cauliflower__1763712633371,30.5246,sam2_mask,ok,D:\Vipin\projects\leaf_coverage_detector\experiments\9.3.coatnet_2_rw_224_experimentation\runs\exp11_9\images\s3_Cauliflower__1763712633371,6,1,0,
s3_Cauliflower__1764236709330,0.9918,ignore,ignored_manual_review,D:\Vipin\projects\leaf_coverage_detector\experiments\9.3.coatnet_2_rw_224_experimentation\runs\exp11_9\images\s3_Cauliflower__1764236709330,,0,0,
s3_Cauliflower__1764237127158,8.2925,sam2_mask,ok,D:\Vipin\projects\leaf_coverage_detector\experiments\9.3.coatnet_2_rw_224_experimentation\runs\exp11_9\images\s3_Cauliflower__1764237127158,6,1,0,
s3_Cauliflower__1764237966318,2.6922,sam2_mask,ok,D:\Vipin\projects\leaf_coverage_detector\experiments\9.3.coatnet_2_rw_224_experimentation\runs\exp11_9\images\s3_Cauliflower__1764237966318,5,1,0,
s3_Cauliflower__1764238313749,19.7759,sam2_mask,ok,D:\Vipin\projects\leaf_coverage_detector\experiments\9.3.coatnet_2_rw_224_experimentation\runs\exp11_9\images\s3_Cauliflower__1764238313749,15,1,0,
s3_Cauliflower__1764238483906,0.0,ignore,ignored_manual_review,D:\Vipin\projects\leaf_coverage_detector\experiments\9.3.coatnet_2_rw_224_experimentation\runs\exp11_9\images\s3_Cauliflower__1764238483906,,0,0,
s3_Cauliflower__1764238941464,6.3087,sam2_mask,ok,D:\Vipin\projects\leaf_coverage_detector\experiments\9.3.coatnet_2_rw_224_experimentation\runs\exp11_9\images\s3_Cauliflower__1764238941464,11,1,0,
s3_Cauliflower__1764239073595,9.475,sam2_mask,ok,D:\Vipin\projects\leaf_coverage_detector\experiments\9.3.coatnet_2_rw_224_experimentation\runs\exp11_9\images\s3_Cauliflower__1764239073595,14,1,0,
s3_Cauliflower__1764239962343,3.7592,sam2_mask,ok,D:\Vipin\projects\leaf_coverage_detector\experiments\9.3.coatnet_2_rw_224_experimentation\runs\exp11_9\images\s3_Cauliflower__1764239962343,6,1,0,
s3_Cauliflower__1764240566970,2.8507,sam2_mask,ok,D:\Vipin\projects\leaf_coverage_detector\experiments\9.3.coatnet_2_rw_224_experimentation\runs\exp11_9\images\s3_Cauliflower__1764240566970,4,1,0,
s3_Cauliflower__1764240669863,10.1282,sam2_mask,ok,D:\Vipin\projects\leaf_coverage_detector\experiments\9.3.coatnet_2_rw_224_experimentation\runs\exp11_9\images\s3_Cauliflower__1764240669863,14,1,0,
s3_Cauliflower__1764240704115,26.5794,sam2_mask,ok,D:\Vipin\projects\leaf_coverage_detector\experiments\9.3.coatnet_2_rw_224_experimentation\runs\exp11_9\images\s3_Cauliflower__1764240704115,12,1,0,
s3_Cauliflower__1764840786050,0.653,ignore,ignored_manual_review,D:\Vipin\projects\leaf_coverage_detector\experiments\9.3.coatnet_2_rw_224_experimentation\runs\exp11_9\images\s3_Cauliflower__1764840786050,,0,0,
s3_Cauliflower__1764841319938,0.2955,ignore,ignored_manual_review,D:\Vipin\projects\leaf_coverage_detector\experiments\9.3.coatnet_2_rw_224_experimentation\runs\exp11_9\images\s3_Cauliflower__1764841319938,,0,0,
s3_Cauliflower__1765451583010,7.2686,sam2_mask,ok,D:\Vipin\projects\leaf_coverage_detector\experiments\9.3.coatnet_2_rw_224_experimentation\runs\exp11_9\images\s3_Cauliflower__1765451583010,8,1,0,
s3_Cauliflower__1765451962297,6.1282,sam2_mask,ok,D:\Vipin\projects\leaf_coverage_detector\experiments\9.3.coatnet_2_rw_224_experimentation\runs\exp11_9\images\s3_Cauliflower__1765451962297,12,1,0,
s3_Cauliflower__1765451996295,0.0,ignore,ignored_manual_review,D:\Vipin\projects\leaf_coverage_detector\experiments\9.3.coatnet_2_rw_224_experimentation\runs\exp11_9\images\s3_Cauliflower__1765451996295,,0,0,
s3_Cauliflower__1765452042358,1.8864,sam2_mask,ok,D:\Vipin\projects\leaf_coverage_detector\experiments\9.3.coatnet_2_rw_224_experimentation\runs\exp11_9\images\s3_Cauliflower__1765452042358,10,1,0,
s3_Cauliflower__1765963011593,31.5416,sam2_mask,ok,D:\Vipin\projects\leaf_coverage_detector\experiments\9.3.coatnet_2_rw_224_experimentation\runs\exp11_9\images\s3_Cauliflower__1765963011593,4,1,0,
s3_Cauliflower__1765963285330,15.9703,sam2_mask,ok,D:\Vipin\projects\leaf_coverage_detector\experiments\9.3.coatnet_2_rw_224_experimentation\runs\exp11_9\images\s3_Cauliflower__1765963285330,12,1,0,
s3_Cauliflower__1790f1dc6b928889,5.5087,sam2_mask,ok,D:\Vipin\projects\leaf_coverage_detector\experiments\9.3.coatnet_2_rw_224_experimentation\runs\exp11_9\images\s3_Cauliflower__1790f1dc6b928889,6,1,0,
s3_Cauliflower__17913d12af1177aa,17.0831,sam2_mask,ok,D:\Vipin\projects\leaf_coverage_detector\experiments\9.3.coatnet_2_rw_224_experimentation\runs\exp11_9\images\s3_Cauliflower__17913d12af1177aa,18,1,0,
s3_Cauliflower__18428e1ec8916c09,15.0561,sam2_mask,ok,D:\Vipin\projects\leaf_coverage_detector\experiments\9.3.coatnet_2_rw_224_experimentation\runs\exp11_9\images\s3_Cauliflower__18428e1ec8916c09,19,1,0,
s3_Cauliflower__194003c72ec4a83e,5.6061,sam2_mask,ok,D:\Vipin\projects\leaf_coverage_detector\experiments\9.3.coatnet_2_rw_224_experimentation\runs\exp11_9\images\s3_Cauliflower__194003c72ec4a83e,8,1,0,
s3_Cauliflower__21850ddd481e97df,26.9632,sam2_mask,ok,D:\Vipin\projects\leaf_coverage_detector\experiments\9.3.coatnet_2_rw_224_experimentation\runs\exp11_9\images\s3_Cauliflower__21850ddd481e97df,13,1,0,
s3_Cauliflower__22083c4e622189ad,13.0706,sam2_mask,ok,D:\Vipin\projects\leaf_coverage_detector\experiments\9.3.coatnet_2_rw_224_experimentation\runs\exp11_9\images\s3_Cauliflower__22083c4e622189ad,16,1,0,
s3_Cauliflower__2251f38abf5391a5,0.3882,ignore,ignored_manual_review,D:\Vipin\projects\leaf_coverage_detector\experiments\9.3.coatnet_2_rw_224_experimentation\runs\exp11_9\images\s3_Cauliflower__2251f38abf5391a5,,0,0,
s3_Cauliflower__2289b0c5-1f07-4b89-b02f-405ca266abc7,9.1655,sam2_mask,ok,D:\Vipin\projects\leaf_coverage_detector\experiments\9.3.coatnet_2_rw_224_experimentation\runs\exp11_9\images\s3_Cauliflower__2289b0c5-1f07-4b89-b02f-405ca266abc7,12,1,0,
s3_Cauliflower__23341983636a59a4,34.4324,sam2_mask,ok,D:\Vipin\projects\leaf_coverage_detector\experiments\9.3.coatnet_2_rw_224_experimentation\runs\exp11_9\images\s3_Cauliflower__23341983636a59a4,14,1,0,
s3_Cauliflower__23462baf2eb462e3,32.306,sam2_mask,ok,D:\Vipin\projects\leaf_coverage_detector\experiments\9.3.coatnet_2_rw_224_experimentation\runs\exp11_9\images\s3_Cauliflower__23462baf2eb462e3,18,1,0,
s3_Cauliflower__255cfe9b59986ef1,9.6679,sam2_mask,ok,D:\Vipin\projects\leaf_coverage_detector\experiments\9.3.coatnet_2_rw_224_experimentation\runs\exp11_9\images\s3_Cauliflower__255cfe9b59986ef1,17,1,0,
s3_Cauliflower__260593754b3e0a20,3.1665,sam2_mask,ok,D:\Vipin\projects\leaf_coverage_detector\experiments\9.3.coatnet_2_rw_224_experimentation\runs\exp11_9\images\s3_Cauliflower__260593754b3e0a20,4,1,0,
s3_Cauliflower__2759e2935aa5b896,22.9942,sam2_mask,ok,D:\Vipin\projects\leaf_coverage_detector\experiments\9.3.coatnet_2_rw_224_experimentation\runs\exp11_9\images\s3_Cauliflower__2759e2935aa5b896,10,1,0,
s3_Cauliflower__3061dcd08f300973,4.6409,sam2_mask,ok,D:\Vipin\projects\leaf_coverage_detector\experiments\9.3.coatnet_2_rw_224_experimentation\runs\exp11_9\images\s3_Cauliflower__3061dcd08f300973,6,1,0,
s3_Cauliflower__3116922d4e6bd73b,13.3623,sam2_mask,ok,D:\Vipin\projects\leaf_coverage_detector\experiments\9.3.coatnet_2_rw_224_experimentation\runs\exp11_9\images\s3_Cauliflower__3116922d4e6bd73b,19,1,0,
s3_Cauliflower__3236bb0dd7cb506a,25.7389,sam2_mask,ok,D:\Vipin\projects\leaf_coverage_detector\experiments\9.3.coatnet_2_rw_224_experimentation\runs\exp11_9\images\s3_Cauliflower__3236bb0dd7cb506a,12,1,0,
s3_Cauliflower__3560d65848b3e2f1,6.2607,sam2_mask,ok,D:\Vipin\projects\leaf_coverage_detector\experiments\9.3.coatnet_2_rw_224_experimentation\runs\exp11_9\images\s3_Cauliflower__3560d65848b3e2f1,16,1,0,
s3_Cauliflower__41814d491350b797,46.8251,sam2_mask,ok,D:\Vipin\projects\leaf_coverage_detector\experiments\9.3.coatnet_2_rw_224_experimentation\runs\exp11_9\images\s3_Cauliflower__41814d491350b797,11,1,0,
s3_Cauliflower__508af7d37a69275c,45.7172,sam2_mask,ok,D:\Vipin\projects\leaf_coverage_detector\experiments\9.3.coatnet_2_rw_224_experimentation\runs\exp11_9\images\s3_Cauliflower__508af7d37a69275c,10,1,0,
s3_Cauliflower__515d1cea9113997b,4.4711,sam2_mask,ok,D:\Vipin\projects\leaf_coverage_detector\experiments\9.3.coatnet_2_rw_224_experimentation\runs\exp11_9\images\s3_Cauliflower__515d1cea9113997b,10,1,0,
s3_Cauliflower__53216e90f8b2abc9,23.0444,sam2_mask,ok,D:\Vipin\projects\leaf_coverage_detector\experiments\9.3.coatnet_2_rw_224_experimentation\runs\exp11_9\images\s3_Cauliflower__53216e90f8b2abc9,22,1,0,
s3_Cauliflower__57673fa6-c4b0-4448-a0f6-6ccf7c75a29a,3.4902,sam2_mask,ok,D:\Vipin\projects\leaf_coverage_detector\experiments\9.3.coatnet_2_rw_224_experimentation\runs\exp11_9\images\s3_Cauliflower__57673fa6-c4b0-4448-a0f6-6ccf7c75a29a,8,1,0,
s3_Cauliflower__60919f35847e8d81,0.2925,ignore,ignored_manual_review,D:\Vipin\projects\leaf_coverage_detector\experiments\9.3.coatnet_2_rw_224_experimentation\runs\exp11_9\images\s3_Cauliflower__60919f35847e8d81,,0,0,
s3_Cauliflower__6316cc1cc44543b5,0.0,ignore,ignored_manual_review,D:\Vipin\projects\leaf_coverage_detector\experiments\9.3.coatnet_2_rw_224_experimentation\runs\exp11_9\images\s3_Cauliflower__6316cc1cc44543b5,,0,0,
s3_Cauliflower__641baa8822b6370f,32.0787,sam2_mask,ok,D:\Vipin\projects\leaf_coverage_detector\experiments\9.3.coatnet_2_rw_224_experimentation\runs\exp11_9\images\s3_Cauliflower__641baa8822b6370f,11,1,0,
s3_Cauliflower__642eab16f9644831,44.5524,sam2_mask,ok,D:\Vipin\projects\leaf_coverage_detector\experiments\9.3.coatnet_2_rw_224_experimentation\runs\exp11_9\images\s3_Cauliflower__642eab16f9644831,9,1,0,
s3_Cauliflower__649643caf1233593,2.6293,sam2_mask,ok,D:\Vipin\projects\leaf_coverage_detector\experiments\9.3.coatnet_2_rw_224_experimentation\runs\exp11_9\images\s3_Cauliflower__649643caf1233593,11,1,0,
s3_Cauliflower__65555c34857ada6f,13.6343,sam2_mask,ok,D:\Vipin\projects\leaf_coverage_detector\experiments\9.3.coatnet_2_rw_224_experimentation\runs\exp11_9\images\s3_Cauliflower__65555c34857ada6f,16,1,0,
s3_Cauliflower__6732a3f400084246,32.8966,sam2_mask,ok,D:\Vipin\projects\leaf_coverage_detector\experiments\9.3.coatnet_2_rw_224_experimentation\runs\exp11_9\images\s3_Cauliflower__6732a3f400084246,9,1,0,
s3_Cauliflower__6847b1ae95722179,15.2978,sam2_mask,ok,D:\Vipin\projects\leaf_coverage_detector\experiments\9.3.coatnet_2_rw_224_experimentation\runs\exp11_9\images\s3_Cauliflower__6847b1ae95722179,13,1,0,
s3_Cauliflower__69891af81ab5643c,58.5999,sam2_mask,ok,D:\Vipin\projects\leaf_coverage_detector\experiments\9.3.coatnet_2_rw_224_experimentation\runs\exp11_9\images\s3_Cauliflower__69891af81ab5643c,9,1,0,
s3_Cauliflower__7032171bc8e118bf,0.1619,ignore,ignored_manual_review,D:\Vipin\projects\leaf_coverage_detector\experiments\9.3.coatnet_2_rw_224_experimentation\runs\exp11_9\images\s3_Cauliflower__7032171bc8e118bf,,0,0,
s3_Cauliflower__720d3cb8457d09f3,2.2974,sam2_mask,ok,D:\Vipin\projects\leaf_coverage_detector\experiments\9.3.coatnet_2_rw_224_experimentation\runs\exp11_9\images\s3_Cauliflower__720d3cb8457d09f3,7,1,0,
s3_Cauliflower__721b079fc8f25d7f,53.2282,sam2_mask,ok,D:\Vipin\projects\leaf_coverage_detector\experiments\9.3.coatnet_2_rw_224_experimentation\runs\exp11_9\images\s3_Cauliflower__721b079fc8f25d7f,6,1,0,
s3_Cauliflower__74396ed90ee1fe32,4.5458,sam2_mask,ok,D:\Vipin\projects\leaf_coverage_detector\experiments\9.3.coatnet_2_rw_224_experimentation\runs\exp11_9\images\s3_Cauliflower__74396ed90ee1fe32,8,1,0,
s3_Cauliflower__75369108bfb22c92,26.6708,sam2_mask,ok,D:\Vipin\projects\leaf_coverage_detector\experiments\9.3.coatnet_2_rw_224_experimentation\runs\exp11_9\images\s3_Cauliflower__75369108bfb22c92,15,1,0,
s3_Cauliflower__76389fb3c74d1f55,23.3329,sam2_mask,ok,D:\Vipin\projects\leaf_coverage_detector\experiments\9.3.coatnet_2_rw_224_experimentation\runs\exp11_9\images\s3_Cauliflower__76389fb3c74d1f55,11,1,0,
s3_Cauliflower__7859b175c219d37c,2.695,sam2_mask,ok,D:\Vipin\projects\leaf_coverage_detector\experiments\9.3.coatnet_2_rw_224_experimentation\runs\exp11_9\images\s3_Cauliflower__7859b175c219d37c,7,1,0,
s3_Cauliflower__7859bcdde08760c9,21.6452,sam2_mask,ok,D:\Vipin\projects\leaf_coverage_detector\experiments\9.3.coatnet_2_rw_224_experimentation\runs\exp11_9\images\s3_Cauliflower__7859bcdde08760c9,12,1,0,
s3_Cauliflower__7889b7bd798bea63,14.1164,sam2_mask,ok,D:\Vipin\projects\leaf_coverage_detector\experiments\9.3.coatnet_2_rw_224_experimentation\runs\exp11_9\images\s3_Cauliflower__7889b7bd798bea63,10,1,0,
s3_Cauliflower__8245bff1141473aa,14.842,sam2_mask,ok,D:\Vipin\projects\leaf_coverage_detector\experiments\9.3.coatnet_2_rw_224_experimentation\runs\exp11_9\images\s3_Cauliflower__8245bff1141473aa,6,1,0,
s3_Cauliflower__8541beea99f008c6,26.7285,sam2_mask,ok,D:\Vipin\projects\leaf_coverage_detector\experiments\9.3.coatnet_2_rw_224_experimentation\runs\exp11_9\images\s3_Cauliflower__8541beea99f008c6,13,1,0,
s3_Cauliflower__8714b5e203716deb,38.3297,sam2_mask,ok,D:\Vipin\projects\leaf_coverage_detector\experiments\9.3.coatnet_2_rw_224_experimentation\runs\exp11_9\images\s3_Cauliflower__8714b5e203716deb,9,1,0,
s3_Cauliflower__8770e5a51d3c0632,11.0287,sam2_mask,ok,D:\Vipin\projects\leaf_coverage_detector\experiments\9.3.coatnet_2_rw_224_experimentation\runs\exp11_9\images\s3_Cauliflower__8770e5a51d3c0632,13,1,0,
s3_Cauliflower__8824a7d9cc1b41f2,28.4627,sam2_mask,ok,D:\Vipin\projects\leaf_coverage_detector\experiments\9.3.coatnet_2_rw_224_experimentation\runs\exp11_9\images\s3_Cauliflower__8824a7d9cc1b41f2,13,1,0,
s3_Cauliflower__887b9c3f9e831043,18.6705,sam2_mask,ok,D:\Vipin\projects\leaf_coverage_detector\experiments\9.3.coatnet_2_rw_224_experimentation\runs\exp11_9\images\s3_Cauliflower__887b9c3f9e831043,13,1,0,
s3_Cauliflower__912645d33a7250af,49.3075,sam2_mask,ok,D:\Vipin\projects\leaf_coverage_detector\experiments\9.3.coatnet_2_rw_224_experimentation\runs\exp11_9\images\s3_Cauliflower__912645d33a7250af,4,1,0,
s3_Cauliflower__92d96e9a407c26b5,1.4899,sam2_mask,ok,D:\Vipin\projects\leaf_coverage_detector\experiments\9.3.coatnet_2_rw_224_experimentation\runs\exp11_9\images\s3_Cauliflower__92d96e9a407c26b5,6,1,0,
s3_Cauliflower__92e70f76012b9af9,28.6214,sam2_mask,ok,D:\Vipin\projects\leaf_coverage_detector\experiments\9.3.coatnet_2_rw_224_experimentation\runs\exp11_9\images\s3_Cauliflower__92e70f76012b9af9,16,1,0,
s3_Cauliflower__93610a98965cf80d,0.0,ignore,ignored_manual_review,D:\Vipin\projects\leaf_coverage_detector\experiments\9.3.coatnet_2_rw_224_experimentation\runs\exp11_9\images\s3_Cauliflower__93610a98965cf80d,,0,0,
s3_Cauliflower__94fcfa5a9cd7841e,3.6738,sam2_mask,ok,D:\Vipin\projects\leaf_coverage_detector\experiments\9.3.coatnet_2_rw_224_experimentation\runs\exp11_9\images\s3_Cauliflower__94fcfa5a9cd7841e,10,1,0,
s3_Cauliflower__95efd3d732d6c70a,35.1609,sam2_mask,ok,D:\Vipin\projects\leaf_coverage_detector\experiments\9.3.coatnet_2_rw_224_experimentation\runs\exp11_9\images\s3_Cauliflower__95efd3d732d6c70a,14,1,0,
s3_Cauliflower__96282902f92c8ca5,10.846,sam2_mask,ok,D:\Vipin\projects\leaf_coverage_detector\experiments\9.3.coatnet_2_rw_224_experimentation\runs\exp11_9\images\s3_Cauliflower__96282902f92c8ca5,9,1,0,
s3_Cauliflower__96a87d595a463ab0,12.3756,sam2_mask,ok,D:\Vipin\projects\leaf_coverage_detector\experiments\9.3.coatnet_2_rw_224_experimentation\runs\exp11_9\images\s3_Cauliflower__96a87d595a463ab0,13,1,0,
s3_Cauliflower__982b1a16125df52d,4.8509,sam2_mask,ok,D:\Vipin\projects\leaf_coverage_detector\experiments\9.3.coatnet_2_rw_224_experimentation\runs\exp11_9\images\s3_Cauliflower__982b1a16125df52d,12,1,0,
s3_Cauliflower__9845fe65-2830-45a0-a046-04e1380de9b2,35.2979,sam2_mask,ok,D:\Vipin\projects\leaf_coverage_detector\experiments\9.3.coatnet_2_rw_224_experimentation\runs\exp11_9\images\s3_Cauliflower__9845fe65-2830-45a0-a046-04e1380de9b2,11,1,0,
s3_Cauliflower__9895a10c2662eea3,5.5248,sam2_mask,ok,D:\Vipin\projects\leaf_coverage_detector\experiments\9.3.coatnet_2_rw_224_experimentation\runs\exp11_9\images\s3_Cauliflower__9895a10c2662eea3,5,1,0,
s3_Cauliflower__99cb785c9546c1da,1.8817,sam2_mask,ok,D:\Vipin\projects\leaf_coverage_detector\experiments\9.3.coatnet_2_rw_224_experimentation\runs\exp11_9\images\s3_Cauliflower__99cb785c9546c1da,6,1,0,
s3_Cauliflower__99fcbdce368d8703,4.7301,sam2_mask,ok,D:\Vipin\projects\leaf_coverage_detector\experiments\9.3.coatnet_2_rw_224_experimentation\runs\exp11_9\images\s3_Cauliflower__99fcbdce368d8703,12,1,0,
s3_Cauliflower__a1c1773479fe975c,2.8981,sam2_mask,ok,D:\Vipin\projects\leaf_coverage_detector\experiments\9.3.coatnet_2_rw_224_experimentation\runs\exp11_9\images\s3_Cauliflower__a1c1773479fe975c,6,1,0,
s3_Cauliflower__a26198268792ac8a,5.0269,sam2_mask,ok,D:\Vipin\projects\leaf_coverage_detector\experiments\9.3.coatnet_2_rw_224_experimentation\runs\exp11_9\images\s3_Cauliflower__a26198268792ac8a,10,1,0,
s3_Cauliflower__a5bf9cd3cbbceb1c,13.0368,sam2_mask,ok,D:\Vipin\projects\leaf_coverage_detector\experiments\9.3.coatnet_2_rw_224_experimentation\runs\exp11_9\images\s3_Cauliflower__a5bf9cd3cbbceb1c,13,1,0,
s3_Cauliflower__a5d2da48bd6306b0,0.1351,ignore,ignored_manual_review,D:\Vipin\projects\leaf_coverage_detector\experiments\9.3.coatnet_2_rw_224_experimentation\runs\exp11_9\images\s3_Cauliflower__a5d2da48bd6306b0,,0,0,
s3_Cauliflower__a82a8a58-2c35-4994-ac2b-92bf01ce5c38,17.202,sam2_mask,ok,D:\Vipin\projects\leaf_coverage_detector\experiments\9.3.coatnet_2_rw_224_experimentation\runs\exp11_9\images\s3_Cauliflower__a82a8a58-2c35-4994-ac2b-92bf01ce5c38,8,1,0,
s3_Cauliflower__a88a5aee2795e12e,22.0523,sam2_mask,ok,D:\Vipin\projects\leaf_coverage_detector\experiments\9.3.coatnet_2_rw_224_experimentation\runs\exp11_9\images\s3_Cauliflower__a88a5aee2795e12e,12,1,0,
s3_Cauliflower__a99c2367422ba578,0.1193,ignore,ignored_manual_review,D:\Vipin\projects\leaf_coverage_detector\experiments\9.3.coatnet_2_rw_224_experimentation\runs\exp11_9\images\s3_Cauliflower__a99c2367422ba578,,0,0,
s3_Cauliflower__a99cccc776cedd6e,2.5091,sam2_mask,ok,D:\Vipin\projects\leaf_coverage_detector\experiments\9.3.coatnet_2_rw_224_experimentation\runs\exp11_9\images\s3_Cauliflower__a99cccc776cedd6e,6,1,0,
s3_Cauliflower__aebd570df6588e9b,2.3155,sam2_mask,ok,D:\Vipin\projects\leaf_coverage_detector\experiments\9.3.coatnet_2_rw_224_experimentation\runs\exp11_9\images\s3_Cauliflower__aebd570df6588e9b,1,1,0,
s3_Cauliflower__afbbad399cf8eb1f,0.5305,ignore,ignored_manual_review,D:\Vipin\projects\leaf_coverage_detector\experiments\9.3.coatnet_2_rw_224_experimentation\runs\exp11_9\images\s3_Cauliflower__afbbad399cf8eb1f,,0,0,
s3_Cauliflower__b0b12f85eb71ba3e,9.3131,sam2_mask,ok,D:\Vipin\projects\leaf_coverage_detector\experiments\9.3.coatnet_2_rw_224_experimentation\runs\exp11_9\images\s3_Cauliflower__b0b12f85eb71ba3e,12,1,0,
s3_Cauliflower__b1eed7655e5c7f66,14.8868,sam2_mask,ok,D:\Vipin\projects\leaf_coverage_detector\experiments\9.3.coatnet_2_rw_224_experimentation\runs\exp11_9\images\s3_Cauliflower__b1eed7655e5c7f66,13,1,0,
s3_Cauliflower__b3ca000d2d722b04,0.2277,ignore,ignored_manual_review,D:\Vipin\projects\leaf_coverage_detector\experiments\9.3.coatnet_2_rw_224_experimentation\runs\exp11_9\images\s3_Cauliflower__b3ca000d2d722b04,,0,0,
s3_Cauliflower__b499ac405ea538ad,1.5989,sam2_mask,ok,D:\Vipin\projects\leaf_coverage_detector\experiments\9.3.coatnet_2_rw_224_experimentation\runs\exp11_9\images\s3_Cauliflower__b499ac405ea538ad,3,1,0,
s3_Cauliflower__b6245da139a0538f,14.5879,sam2_mask,ok,D:\Vipin\projects\leaf_coverage_detector\experiments\9.3.coatnet_2_rw_224_experimentation\runs\exp11_9\images\s3_Cauliflower__b6245da139a0538f,11,1,0,
s3_Cauliflower__b66e917bca226a8b,19.7445,sam2_mask,ok,D:\Vipin\projects\leaf_coverage_detector\experiments\9.3.coatnet_2_rw_224_experimentation\runs\exp11_9\images\s3_Cauliflower__b66e917bca226a8b,14,1,0,
s3_Cauliflower__b677092b92d50313,33.5069,sam2_mask,ok,D:\Vipin\projects\leaf_coverage_detector\experiments\9.3.coatnet_2_rw_224_experimentation\runs\exp11_9\images\s3_Cauliflower__b677092b92d50313,16,1,0,
s3_Cauliflower__b6ba82c84c4f38d8,46.7107,sam2_mask,ok,D:\Vipin\projects\leaf_coverage_detector\experiments\9.3.coatnet_2_rw_224_experimentation\runs\exp11_9\images\s3_Cauliflower__b6ba82c84c4f38d8,11,1,0,
s3_Cauliflower__b88bd7204d31aa4e,26.8184,sam2_mask,ok,D:\Vipin\projects\leaf_coverage_detector\experiments\9.3.coatnet_2_rw_224_experimentation\runs\exp11_9\images\s3_Cauliflower__b88bd7204d31aa4e,19,1,0,
s3_Cauliflower__b9336a16014474a1,3.4919,sam2_mask,ok,D:\Vipin\projects\leaf_coverage_detector\experiments\9.3.coatnet_2_rw_224_experimentation\runs\exp11_9\images\s3_Cauliflower__b9336a16014474a1,8,1,0,
s3_Cauliflower__b9e71345c5d3e507,3.4275,sam2_mask,ok,D:\Vipin\projects\leaf_coverage_detector\experiments\9.3.coatnet_2_rw_224_experimentation\runs\exp11_9\images\s3_Cauliflower__b9e71345c5d3e507,11,1,0,
s3_Cauliflower__bb1c05ed7f5bc379,15.0049,sam2_mask,ok,D:\Vipin\projects\leaf_coverage_detector\experiments\9.3.coatnet_2_rw_224_experimentation\runs\exp11_9\images\s3_Cauliflower__bb1c05ed7f5bc379,11,1,0,
s3_Cauliflower__bbd1119098393fff,30.2193,sam2_mask,ok,D:\Vipin\projects\leaf_coverage_detector\experiments\9.3.coatnet_2_rw_224_experimentation\runs\exp11_9\images\s3_Cauliflower__bbd1119098393fff,14,1,0,
s3_Cauliflower__bc6246f4abe5e16e,23.3877,sam2_mask,ok,D:\Vipin\projects\leaf_coverage_detector\experiments\9.3.coatnet_2_rw_224_experimentation\runs\exp11_9\images\s3_Cauliflower__bc6246f4abe5e16e,31,1,0,
s3_Cauliflower__bcfc47483358f38b,0.0,ignore,ignored_manual_review,D:\Vipin\projects\leaf_coverage_detector\experiments\9.3.coatnet_2_rw_224_experimentation\runs\exp11_9\images\s3_Cauliflower__bcfc47483358f38b,,0,0,
s3_Cauliflower__be157598a6840a12,9.0724,sam2_mask,ok,D:\Vipin\projects\leaf_coverage_detector\experiments\9.3.coatnet_2_rw_224_experimentation\runs\exp11_9\images\s3_Cauliflower__be157598a6840a12,13,1,0,
s3_Cauliflower__be218814a6c7c0d5,13.5406,sam2_mask,ok,D:\Vipin\projects\leaf_coverage_detector\experiments\9.3.coatnet_2_rw_224_experimentation\runs\exp11_9\images\s3_Cauliflower__be218814a6c7c0d5,5,1,0,
s3_Cauliflower__be443e53567fe05c,9.8919,sam2_mask,ok,D:\Vipin\projects\leaf_coverage_detector\experiments\9.3.coatnet_2_rw_224_experimentation\runs\exp11_9\images\s3_Cauliflower__be443e53567fe05c,13,1,0,
s3_Cauliflower__c12c69ab1a9cfb32,1.743,sam2_mask,ok,D:\Vipin\projects\leaf_coverage_detector\experiments\9.3.coatnet_2_rw_224_experimentation\runs\exp11_9\images\s3_Cauliflower__c12c69ab1a9cfb32,4,1,0,
s3_Cauliflower__c205e5a118519090,22.8689,sam2_mask,ok,D:\Vipin\projects\leaf_coverage_detector\experiments\9.3.coatnet_2_rw_224_experimentation\runs\exp11_9\images\s3_Cauliflower__c205e5a118519090,23,1,0,
s3_Cauliflower__c2a7860b49d28ab1,0.4406,ignore,ignored_manual_review,D:\Vipin\projects\leaf_coverage_detector\experiments\9.3.coatnet_2_rw_224_experimentation\runs\exp11_9\images\s3_Cauliflower__c2a7860b49d28ab1,,0,0,
s3_Cauliflower__c362bffa7eb43e1a,0.0858,ignore,ignored_manual_review,D:\Vipin\projects\leaf_coverage_detector\experiments\9.3.coatnet_2_rw_224_experimentation\runs\exp11_9\images\s3_Cauliflower__c362bffa7eb43e1a,,0,0,
s3_Cauliflower__c4c0c509ec18477e,3.1663,sam2_mask,ok,D:\Vipin\projects\leaf_coverage_detector\experiments\9.3.coatnet_2_rw_224_experimentation\runs\exp11_9\images\s3_Cauliflower__c4c0c509ec18477e,5,1,0,
s3_Cauliflower__c4c96c02f738d556,13.7519,sam2_mask,ok,D:\Vipin\projects\leaf_coverage_detector\experiments\9.3.coatnet_2_rw_224_experimentation\runs\exp11_9\images\s3_Cauliflower__c4c96c02f738d556,15,1,0,
s3_Cauliflower__c4f2e5f2d7438b88,16.2787,sam2_mask,ok,D:\Vipin\projects\leaf_coverage_detector\experiments\9.3.coatnet_2_rw_224_experimentation\runs\exp11_9\images\s3_Cauliflower__c4f2e5f2d7438b88,19,1,0,
s3_Cauliflower__c5278de2c8a1bf08,13.8127,sam2_mask,ok,D:\Vipin\projects\leaf_coverage_detector\experiments\9.3.coatnet_2_rw_224_experimentation\runs\exp11_9\images\s3_Cauliflower__c5278de2c8a1bf08,14,1,0,
s3_Cauliflower__c57cb2ba7f2e31a2,18.5242,sam2_mask,ok,D:\Vipin\projects\leaf_coverage_detector\experiments\9.3.coatnet_2_rw_224_experimentation\runs\exp11_9\images\s3_Cauliflower__c57cb2ba7f2e31a2,14,1,0,
s3_Cauliflower__c5c341a5b34ffa87,4.1605,sam2_mask,ok,D:\Vipin\projects\leaf_coverage_detector\experiments\9.3.coatnet_2_rw_224_experimentation\runs\exp11_9\images\s3_Cauliflower__c5c341a5b34ffa87,9,1,0,
s3_Cauliflower__c60223be6f06d4d6,4.847,sam2_mask,ok,D:\Vipin\projects\leaf_coverage_detector\experiments\9.3.coatnet_2_rw_224_experimentation\runs\exp11_9\images\s3_Cauliflower__c60223be6f06d4d6,10,1,0,
s3_Cauliflower__c6170bce92bde9a6,8.4968,sam2_mask,ok,D:\Vipin\projects\leaf_coverage_detector\experiments\9.3.coatnet_2_rw_224_experimentation\runs\exp11_9\images\s3_Cauliflower__c6170bce92bde9a6,10,1,0,
s3_Cauliflower__c704e868233b3c0b,4.4526,sam2_mask,ok,D:\Vipin\projects\leaf_coverage_detector\experiments\9.3.coatnet_2_rw_224_experimentation\runs\exp11_9\images\s3_Cauliflower__c704e868233b3c0b,7,1,0,
s3_Cauliflower__c721d0fa38ccd1ae,16.4209,sam2_mask,ok,D:\Vipin\projects\leaf_coverage_detector\experiments\9.3.coatnet_2_rw_224_experimentation\runs\exp11_9\images\s3_Cauliflower__c721d0fa38ccd1ae,10,1,0,
s3_Cauliflower__c79278a4dcfc9794,0.0,ignore,ignored_manual_review,D:\Vipin\projects\leaf_coverage_detector\experiments\9.3.coatnet_2_rw_224_experimentation\runs\exp11_9\images\s3_Cauliflower__c79278a4dcfc9794,,0,0,
s3_Cauliflower__c7ee8bab-9a35-43f7-bb27-c1aafc165846,8.5336,sam2_mask,ok,D:\Vipin\projects\leaf_coverage_detector\experiments\9.3.coatnet_2_rw_224_experimentation\runs\exp11_9\images\s3_Cauliflower__c7ee8bab-9a35-43f7-bb27-c1aafc165846,12,1,0,
s3_Cauliflower__c86f7a1894976efe,2.8796,sam2_mask,ok,D:\Vipin\projects\leaf_coverage_detector\experiments\9.3.coatnet_2_rw_224_experimentation\runs\exp11_9\images\s3_Cauliflower__c86f7a1894976efe,5,1,0,
s3_Cauliflower__c97b83c1690ffcbf,0.0,ignore,ignored_manual_review,D:\Vipin\projects\leaf_coverage_detector\experiments\9.3.coatnet_2_rw_224_experimentation\runs\exp11_9\images\s3_Cauliflower__c97b83c1690ffcbf,,0,0,
s3_Cauliflower__caf6e2c72672414e,19.0784,sam2_mask,ok,D:\Vipin\projects\leaf_coverage_detector\experiments\9.3.coatnet_2_rw_224_experimentation\runs\exp11_9\images\s3_Cauliflower__caf6e2c72672414e,16,1,0,
s3_Cauliflower__cc63d8ff-7fd5-4bd1-b77e-582a37081c73,9.5576,sam2_mask,ok,D:\Vipin\projects\leaf_coverage_detector\experiments\9.3.coatnet_2_rw_224_experimentation\runs\exp11_9\images\s3_Cauliflower__cc63d8ff-7fd5-4bd1-b77e-582a37081c73,25,1,0,
s3_Cauliflower__ccc839628e763335,0.0,ignore,ignored_manual_review,D:\Vipin\projects\leaf_coverage_detector\experiments\9.3.coatnet_2_rw_224_experimentation\runs\exp11_9\images\s3_Cauliflower__ccc839628e763335,,0,0,
s3_Cauliflower__cd1a54b1a712b749,1.3103,sam2_mask,ok,D:\Vipin\projects\leaf_coverage_detector\experiments\9.3.coatnet_2_rw_224_experimentation\runs\exp11_9\images\s3_Cauliflower__cd1a54b1a712b749,5,1,0,
s3_Cauliflower__cde5a22c-5b0b-4aae-972e-01a5dab49cae,34.1436,sam2_mask,ok,D:\Vipin\projects\leaf_coverage_detector\experiments\9.3.coatnet_2_rw_224_experimentation\runs\exp11_9\images\s3_Cauliflower__cde5a22c-5b0b-4aae-972e-01a5dab49cae,9,1,0,
s3_Potato__00a3eeff7178f46e,1.3796,sam2_mask,ok,D:\Vipin\projects\leaf_coverage_detector\experiments\9.3.coatnet_2_rw_224_experimentation\runs\exp11_9\images\s3_Potato__00a3eeff7178f46e,2,1,0,
s3_Potato__03c87ba978448657,71.3324,sam2_mask,ok,D:\Vipin\projects\leaf_coverage_detector\experiments\9.3.coatnet_2_rw_224_experimentation\runs\exp11_9\images\s3_Potato__03c87ba978448657,2,1,0,
s3_Potato__03c87ba978448657_2,71.402,sam2_mask,ok,D:\Vipin\projects\leaf_coverage_detector\experiments\9.3.coatnet_2_rw_224_experimentation\runs\exp11_9\images\s3_Potato__03c87ba978448657_2,2,1,0,
s3_Potato__03c87ba978448657_3,71.402,sam2_mask,ok,D:\Vipin\projects\leaf_coverage_detector\experiments\9.3.coatnet_2_rw_224_experimentation\runs\exp11_9\images\s3_Potato__03c87ba978448657_3,2,1,0,
s3_Potato__04f214cffaef636b,0.1084,ignore,ignored_manual_review,D:\Vipin\projects\leaf_coverage_detector\experiments\9.3.coatnet_2_rw_224_experimentation\runs\exp11_9\images\s3_Potato__04f214cffaef636b,,0,0,
s3_Potato__0a82acfc74963a3a,0.6654,ignore,ignored_manual_review,D:\Vipin\projects\leaf_coverage_detector\experiments\9.3.coatnet_2_rw_224_experimentation\runs\exp11_9\images\s3_Potato__0a82acfc74963a3a,,0,0,
s3_Potato__0b45e59d51654fbe,0.0,ignore,ignored_manual_review,D:\Vipin\projects\leaf_coverage_detector\experiments\9.3.coatnet_2_rw_224_experimentation\runs\exp11_9\images\s3_Potato__0b45e59d51654fbe,,0,0,
s3_Potato__0c606c2143df0e89,0.0,ignore,ignored_manual_review,D:\Vipin\projects\leaf_coverage_detector\experiments\9.3.coatnet_2_rw_224_experimentation\runs\exp11_9\images\s3_Potato__0c606c2143df0e89,,0,0,
s3_Potato__0dab6f9ea6a2c9be,0.0,ignore,ignored_manual_review,D:\Vipin\projects\leaf_coverage_detector\experiments\9.3.coatnet_2_rw_224_experimentation\runs\exp11_9\images\s3_Potato__0dab6f9ea6a2c9be,,0,0,
s3_Potato__0e14b3b973d386a1,2.6713,sam2_mask,ok,D:\Vipin\projects\leaf_coverage_detector\experiments\9.3.coatnet_2_rw_224_experimentation\runs\exp11_9\images\s3_Potato__0e14b3b973d386a1,6,1,0,
s3_Potato__0e945b6b0fe62112,4.5982,sam2_mask,ok,D:\Vipin\projects\leaf_coverage_detector\experiments\9.3.coatnet_2_rw_224_experimentation\runs\exp11_9\images\s3_Potato__0e945b6b0fe62112,11,1,0,
s3_Potato__0e945b6b0fe62112_2,4.6627,sam2_mask,ok,D:\Vipin\projects\leaf_coverage_detector\experiments\9.3.coatnet_2_rw_224_experimentation\runs\exp11_9\images\s3_Potato__0e945b6b0fe62112_2,11,1,0,
s3_Potato__0e97cb6b083396f1,40.4124,sam2_mask,ok,D:\Vipin\projects\leaf_coverage_detector\experiments\9.3.coatnet_2_rw_224_experimentation\runs\exp11_9\images\s3_Potato__0e97cb6b083396f1,14,1,0,
s3_Potato__0e97cb6b083396f1_2,40.5165,sam2_mask,ok,D:\Vipin\projects\leaf_coverage_detector\experiments\9.3.coatnet_2_rw_224_experimentation\runs\exp11_9\images\s3_Potato__0e97cb6b083396f1_2,14,1,0,
s3_Potato__0e97cb6b083396f1_3,40.5165,sam2_mask,ok,D:\Vipin\projects\leaf_coverage_detector\experiments\9.3.coatnet_2_rw_224_experimentation\runs\exp11_9\images\s3_Potato__0e97cb6b083396f1_3,14,1,0,
s3_Potato__0f64ee375ce37376,33.733,sam2_mask,ok,D:\Vipin\projects\leaf_coverage_detector\experiments\9.3.coatnet_2_rw_224_experimentation\runs\exp11_9\images\s3_Potato__0f64ee375ce37376,2,1,0,
s3_Potato__0f64ee375ce37376_2,33.8681,sam2_mask,ok,D:\Vipin\projects\leaf_coverage_detector\experiments\9.3.coatnet_2_rw_224_experimentation\runs\exp11_9\images\s3_Potato__0f64ee375ce37376_2,3,1,0,
s3_Potato__0f857cc20664b4af,15.4092,sam2_mask,ok,D:\Vipin\projects\leaf_coverage_detector\experiments\9.3.coatnet_2_rw_224_experimentation\runs\exp11_9\images\s3_Potato__0f857cc20664b4af,18,1,0,
s3_Potato__0f857cc20664b4af_2,15.4145,sam2_mask,ok,D:\Vipin\projects\leaf_coverage_detector\experiments\9.3.coatnet_2_rw_224_experimentation\runs\exp11_9\images\s3_Potato__0f857cc20664b4af_2,19,1,0,
s3_Potato__0f857cc20664b4af_3,15.4145,sam2_mask,ok,D:\Vipin\projects\leaf_coverage_detector\experiments\9.3.coatnet_2_rw_224_experimentation\runs\exp11_9\images\s3_Potato__0f857cc20664b4af_3,19,1,0,
s3_Potato__0faaf0ebf3edc277,59.0285,sam2_mask,ok,D:\Vipin\projects\leaf_coverage_detector\experiments\9.3.coatnet_2_rw_224_experimentation\runs\exp11_9\images\s3_Potato__0faaf0ebf3edc277,5,1,0,
s3_Potato__0faaf0ebf3edc277_2,58.8509,sam2_mask,ok,D:\Vipin\projects\leaf_coverage_detector\experiments\9.3.coatnet_2_rw_224_experimentation\runs\exp11_9\images\s3_Potato__0faaf0ebf3edc277_2,5,1,0,
s3_Potato__0faaf0ebf3edc277_3,58.8509,sam2_mask,ok,D:\Vipin\projects\leaf_coverage_detector\experiments\9.3.coatnet_2_rw_224_experimentation\runs\exp11_9\images\s3_Potato__0faaf0ebf3edc277_3,5,1,0,
s3_Potato__0fade5af12f35320,51.5695,sam2_mask,ok,D:\Vipin\projects\leaf_coverage_detector\experiments\9.3.coatnet_2_rw_224_experimentation\runs\exp11_9\images\s3_Potato__0fade5af12f35320,9,1,0,
s3_Potato__0fade5af12f35320_2,51.8669,sam2_mask,ok,D:\Vipin\projects\leaf_coverage_detector\experiments\9.3.coatnet_2_rw_224_experimentation\runs\exp11_9\images\s3_Potato__0fade5af12f35320_2,8,1,0,
s3_Potato__0fade5af12f35320_3,51.8669,sam2_mask,ok,D:\Vipin\projects\leaf_coverage_detector\experiments\9.3.coatnet_2_rw_224_experimentation\runs\exp11_9\images\s3_Potato__0fade5af12f35320_3,8,1,0,
s3_Potato__1ab5318b3228528a,40.1648,sam2_mask,ok,D:\Vipin\projects\leaf_coverage_detector\experiments\9.3.coatnet_2_rw_224_experimentation\runs\exp11_9\images\s3_Potato__1ab5318b3228528a,18,1,0,
s3_Potato__1ab5318b3228528a_2,40.5417,sam2_mask,ok,D:\Vipin\projects\leaf_coverage_detector\experiments\9.3.coatnet_2_rw_224_experimentation\runs\exp11_9\images\s3_Potato__1ab5318b3228528a_2,19,1,0,
s3_Potato__1ab5318b3228528a_3,40.5417,sam2_mask,ok,D:\Vipin\projects\leaf_coverage_detector\experiments\9.3.coatnet_2_rw_224_experimentation\runs\exp11_9\images\s3_Potato__1ab5318b3228528a_3,19,1,0,
s3_Potato__1adb41490e3d5939,23.2465,sam2_mask,ok,D:\Vipin\projects\leaf_coverage_detector\experiments\9.3.coatnet_2_rw_224_experimentation\runs\exp11_9\images\s3_Potato__1adb41490e3d5939,8,1,0,
s3_Potato__1adb41490e3d5939_2,23.9368,sam2_mask,ok,D:\Vipin\projects\leaf_coverage_detector\experiments\9.3.coatnet_2_rw_224_experimentation\runs\exp11_9\images\s3_Potato__1adb41490e3d5939_2,9,1,0,
s3_Potato__1adb41490e3d5939_3,23.9368,sam2_mask,ok,D:\Vipin\projects\leaf_coverage_detector\experiments\9.3.coatnet_2_rw_224_experimentation\runs\exp11_9\images\s3_Potato__1adb41490e3d5939_3,9,1,0,
s3_Potato__1b86538b8f63f6de,58.5373,sam2_mask,ok,D:\Vipin\projects\leaf_coverage_detector\experiments\9.3.coatnet_2_rw_224_experimentation\runs\exp11_9\images\s3_Potato__1b86538b8f63f6de,6,1,0,
s3_Potato__1b86538b8f63f6de_2,58.7965,sam2_mask,ok,D:\Vipin\projects\leaf_coverage_detector\experiments\9.3.coatnet_2_rw_224_experimentation\runs\exp11_9\images\s3_Potato__1b86538b8f63f6de_2,5,1,0,
s3_Potato__1b86538b8f63f6de_3,58.7965,sam2_mask,ok,D:\Vipin\projects\leaf_coverage_detector\experiments\9.3.coatnet_2_rw_224_experimentation\runs\exp11_9\images\s3_Potato__1b86538b8f63f6de_3,5,1,0,
s3_Potato__1bb21608ba522cdd,8.1701,sam2_mask,ok,D:\Vipin\projects\leaf_coverage_detector\experiments\9.3.coatnet_2_rw_224_experimentation\runs\exp11_9\images\s3_Potato__1bb21608ba522cdd,13,1,0,
s3_Potato__1bb21608ba522cdd_2,8.496,sam2_mask,ok,D:\Vipin\projects\leaf_coverage_detector\experiments\9.3.coatnet_2_rw_224_experimentation\runs\exp11_9\images\s3_Potato__1bb21608ba522cdd_2,15,1,0,
s3_Potato__1bb21608ba522cdd_3,8.496,sam2_mask,ok,D:\Vipin\projects\leaf_coverage_detector\experiments\9.3.coatnet_2_rw_224_experimentation\runs\exp11_9\images\s3_Potato__1bb21608ba522cdd_3,15,1,0,
s3_Potato__1c2228594b678b2e,27.4528,sam2_mask,ok,D:\Vipin\projects\leaf_coverage_detector\experiments\9.3.coatnet_2_rw_224_experimentation\runs\exp11_9\images\s3_Potato__1c2228594b678b2e,9,1,0,
s3_Potato__1c2228594b678b2e_2,27.9259,sam2_mask,ok,D:\Vipin\projects\leaf_coverage_detector\experiments\9.3.coatnet_2_rw_224_experimentation\runs\exp11_9\images\s3_Potato__1c2228594b678b2e_2,9,1,0,
s3_Potato__1c5fe21c42322cdb,0.0,ignore,ignored_manual_review,D:\Vipin\projects\leaf_coverage_detector\experiments\9.3.coatnet_2_rw_224_experimentation\runs\exp11_9\images\s3_Potato__1c5fe21c42322cdb,,0,0,
s3_Potato__1c7400a0b1f5ad5c,12.3956,sam2_mask,ok,D:\Vipin\projects\leaf_coverage_detector\experiments\9.3.coatnet_2_rw_224_experimentation\runs\exp11_9\images\s3_Potato__1c7400a0b1f5ad5c,3,1,0,
s3_Potato__1c7400a0b1f5ad5c_2,12.4319,sam2_mask,ok,D:\Vipin\projects\leaf_coverage_detector\experiments\9.3.coatnet_2_rw_224_experimentation\runs\exp11_9\images\s3_Potato__1c7400a0b1f5ad5c_2,3,1,0,
s3_Potato__1c7400a0b1f5ad5c_3,12.4319,sam2_mask,ok,D:\Vipin\projects\leaf_coverage_detector\experiments\9.3.coatnet_2_rw_224_experimentation\runs\exp11_9\images\s3_Potato__1c7400a0b1f5ad5c_3,3,1,0,
s3_Potato__1d13c911bb2d0da5,1.0075,sam2_mask,ok,D:\Vipin\projects\leaf_coverage_detector\experiments\9.3.coatnet_2_rw_224_experimentation\runs\exp11_9\images\s3_Potato__1d13c911bb2d0da5,4,1,0,
s3_Potato__1f8e86a33670c941,12.4025,sam2_mask,ok,D:\Vipin\projects\leaf_coverage_detector\experiments\9.3.coatnet_2_rw_224_experimentation\runs\exp11_9\images\s3_Potato__1f8e86a33670c941,13,1,0,
s3_Potato__1f8e86a33670c941_2,12.0185,sam2_mask,ok,D:\Vipin\projects\leaf_coverage_detector\experiments\9.3.coatnet_2_rw_224_experimentation\runs\exp11_9\images\s3_Potato__1f8e86a33670c941_2,13,1,0,
s3_Potato__1f8e86a33670c941_3,12.0185,sam2_mask,ok,D:\Vipin\projects\leaf_coverage_detector\experiments\9.3.coatnet_2_rw_224_experimentation\runs\exp11_9\images\s3_Potato__1f8e86a33670c941_3,13,1,0,
s3_Potato__2ab5b1ee1a933128,0.0,ignore,ignored_manual_review,D:\Vipin\projects\leaf_coverage_detector\experiments\9.3.coatnet_2_rw_224_experimentation\runs\exp11_9\images\s3_Potato__2ab5b1ee1a933128,,0,0,
s3_Potato__2adcbe98eefd9484,45.7385,sam2_mask,ok,D:\Vipin\projects\leaf_coverage_detector\experiments\9.3.coatnet_2_rw_224_experimentation\runs\exp11_9\images\s3_Potato__2adcbe98eefd9484,15,1,0,
s3_Potato__2adcbe98eefd9484_2,46.1952,sam2_mask,ok,D:\Vipin\projects\leaf_coverage_detector\experiments\9.3.coatnet_2_rw_224_experimentation\runs\exp11_9\images\s3_Potato__2adcbe98eefd9484_2,13,1,0,
s3_Potato__2adcbe98eefd9484_3,46.1952,sam2_mask,ok,D:\Vipin\projects\leaf_coverage_detector\experiments\9.3.coatnet_2_rw_224_experimentation\runs\exp11_9\images\s3_Potato__2adcbe98eefd9484_3,13,1,0,
s3_Potato__2b1fb5f5e85e6da0,0.0,ignore,ignored_manual_review,D:\Vipin\projects\leaf_coverage_detector\experiments\9.3.coatnet_2_rw_224_experimentation\runs\exp11_9\images\s3_Potato__2b1fb5f5e85e6da0,,0,0,
s3_Potato__2b7ceccccdef58bc,1.4745,sam2_mask,ok,D:\Vipin\projects\leaf_coverage_detector\experiments\9.3.coatnet_2_rw_224_experimentation\runs\exp11_9\images\s3_Potato__2b7ceccccdef58bc,7,1,0,
s3_Potato__2fdf11d6ef0f26fa,0.0,ignore,ignored_manual_review,D:\Vipin\projects\leaf_coverage_detector\experiments\9.3.coatnet_2_rw_224_experimentation\runs\exp11_9\images\s3_Potato__2fdf11d6ef0f26fa,,0,0,
s3_Potato__3a919de9d72eae3b,0.0,ignore,ignored_manual_review,D:\Vipin\projects\leaf_coverage_detector\experiments\9.3.coatnet_2_rw_224_experimentation\runs\exp11_9\images\s3_Potato__3a919de9d72eae3b,,0,0,
s3_Potato__3b20cd6f4d19734e,11.6895,sam2_mask,ok,D:\Vipin\projects\leaf_coverage_detector\experiments\9.3.coatnet_2_rw_224_experimentation\runs\exp11_9\images\s3_Potato__3b20cd6f4d19734e,15,1,0,
s3_Potato__3b20cd6f4d19734e_2,11.891,sam2_mask,ok,D:\Vipin\projects\leaf_coverage_detector\experiments\9.3.coatnet_2_rw_224_experimentation\runs\exp11_9\images\s3_Potato__3b20cd6f4d19734e_2,14,1,0,
s3_Potato__3b20cd6f4d19734e_3,11.891,sam2_mask,ok,D:\Vipin\projects\leaf_coverage_detector\experiments\9.3.coatnet_2_rw_224_experimentation\runs\exp11_9\images\s3_Potato__3b20cd6f4d19734e_3,14,1,0,
s3_Potato__3b8248cd32b6c320,35.2047,sam2_mask,ok,D:\Vipin\projects\leaf_coverage_detector\experiments\9.3.coatnet_2_rw_224_experimentation\runs\exp11_9\images\s3_Potato__3b8248cd32b6c320,10,1,0,
s3_Potato__3b8248cd32b6c320_2,34.7551,sam2_mask,ok,D:\Vipin\projects\leaf_coverage_detector\experiments\9.3.coatnet_2_rw_224_experimentation\runs\exp11_9\images\s3_Potato__3b8248cd32b6c320_2,11,1,0,
s3_Potato__3b8248cd32b6c320_3,34.7551,sam2_mask,ok,D:\Vipin\projects\leaf_coverage_detector\experiments\9.3.coatnet_2_rw_224_experimentation\runs\exp11_9\images\s3_Potato__3b8248cd32b6c320_3,11,1,0,
s3_Potato__3bd6dc729a78f296,0.0,ignore,ignored_manual_review,D:\Vipin\projects\leaf_coverage_detector\experiments\9.3.coatnet_2_rw_224_experimentation\runs\exp11_9\images\s3_Potato__3bd6dc729a78f296,,0,0,
s3_Potato__3c105bd5259b53e0,41.8772,sam2_mask,ok,D:\Vipin\projects\leaf_coverage_detector\experiments\9.3.coatnet_2_rw_224_experimentation\runs\exp11_9\images\s3_Potato__3c105bd5259b53e0,7,1,0,
s3_Potato__3c105bd5259b53e0_2,41.6944,sam2_mask,ok,D:\Vipin\projects\leaf_coverage_detector\experiments\9.3.coatnet_2_rw_224_experimentation\runs\exp11_9\images\s3_Potato__3c105bd5259b53e0_2,7,1,0,
s3_Potato__3c105bd5259b53e0_3,41.6944,sam2_mask,ok,D:\Vipin\projects\leaf_coverage_detector\experiments\9.3.coatnet_2_rw_224_experimentation\runs\exp11_9\images\s3_Potato__3c105bd5259b53e0_3,7,1,0,
s3_Potato__3d5e001916871044,0.0,ignore,ignored_manual_review,D:\Vipin\projects\leaf_coverage_detector\experiments\9.3.coatnet_2_rw_224_experimentation\runs\exp11_9\images\s3_Potato__3d5e001916871044,,0,0,
s3_Potato__3d6e7adf5d1cd6df,0.0,ignore,ignored_manual_review,D:\Vipin\projects\leaf_coverage_detector\experiments\9.3.coatnet_2_rw_224_experimentation\runs\exp11_9\images\s3_Potato__3d6e7adf5d1cd6df,,0,0,
s3_Potato__3da401d0438a7167,27.9825,sam2_mask,ok,D:\Vipin\projects\leaf_coverage_detector\experiments\9.3.coatnet_2_rw_224_experimentation\runs\exp11_9\images\s3_Potato__3da401d0438a7167,3,1,0,
s3_Potato__3da401d0438a7167_2,27.9263,sam2_mask,ok,D:\Vipin\projects\leaf_coverage_detector\experiments\9.3.coatnet_2_rw_224_experimentation\runs\exp11_9\images\s3_Potato__3da401d0438a7167_2,3,1,0,
s3_Potato__3e30090d2ceecbbf,0.0,ignore,ignored_manual_review,D:\Vipin\projects\leaf_coverage_detector\experiments\9.3.coatnet_2_rw_224_experimentation\runs\exp11_9\images\s3_Potato__3e30090d2ceecbbf,,0,0,
s3_Potato__3e30090d2ceecbbf_2,0.0,ignore,ignored_manual_review,D:\Vipin\projects\leaf_coverage_detector\experiments\9.3.coatnet_2_rw_224_experimentation\runs\exp11_9\images\s3_Potato__3e30090d2ceecbbf_2,,0,0,
s3_Potato__3e5948a5e8d59379,51.921,sam2_mask,ok,D:\Vipin\projects\leaf_coverage_detector\experiments\9.3.coatnet_2_rw_224_experimentation\runs\exp11_9\images\s3_Potato__3e5948a5e8d59379,5,1,0,
s3_Potato__3e5948a5e8d59379_2,51.8932,sam2_mask,ok,D:\Vipin\projects\leaf_coverage_detector\experiments\9.3.coatnet_2_rw_224_experimentation\runs\exp11_9\images\s3_Potato__3e5948a5e8d59379_2,5,1,0,
s3_Potato__3e5948a5e8d59379_3,51.8932,sam2_mask,ok,D:\Vipin\projects\leaf_coverage_detector\experiments\9.3.coatnet_2_rw_224_experimentation\runs\exp11_9\images\s3_Potato__3e5948a5e8d59379_3,5,1,0,
s3_Potato__3f85e9593caa3367,0.2096,ignore,ignored_manual_review,D:\Vipin\projects\leaf_coverage_detector\experiments\9.3.coatnet_2_rw_224_experimentation\runs\exp11_9\images\s3_Potato__3f85e9593caa3367,,0,0,
s3_Potato__4b0b157fca3d41ee,54.2291,sam2_mask,ok,D:\Vipin\projects\leaf_coverage_detector\experiments\9.3.coatnet_2_rw_224_experimentation\runs\exp11_9\images\s3_Potato__4b0b157fca3d41ee,5,1,0,
s3_Potato__4b0b157fca3d41ee_2,54.1763,sam2_mask,ok,D:\Vipin\projects\leaf_coverage_detector\experiments\9.3.coatnet_2_rw_224_experimentation\runs\exp11_9\images\s3_Potato__4b0b157fca3d41ee_2,5,1,0,
s3_Potato__4be575e680ecab1f,0.0,ignore,ignored_manual_review,D:\Vipin\projects\leaf_coverage_detector\experiments\9.3.coatnet_2_rw_224_experimentation\runs\exp11_9\images\s3_Potato__4be575e680ecab1f,,0,0,
s3_Potato__4c1f7cff2c5e610e,42.3719,sam2_mask,ok,D:\Vipin\projects\leaf_coverage_detector\experiments\9.3.coatnet_2_rw_224_experimentation\runs\exp11_9\images\s3_Potato__4c1f7cff2c5e610e,8,1,0,
s3_Potato__4c1f7cff2c5e610e_2,42.3896,sam2_mask,ok,D:\Vipin\projects\leaf_coverage_detector\experiments\9.3.coatnet_2_rw_224_experimentation\runs\exp11_9\images\s3_Potato__4c1f7cff2c5e610e_2,7,1,0,
s3_Potato__4cceffe29bf61230,44.1942,sam2_mask,ok,D:\Vipin\projects\leaf_coverage_detector\experiments\9.3.coatnet_2_rw_224_experimentation\runs\exp11_9\images\s3_Potato__4cceffe29bf61230,11,1,0,
s3_Potato__4cceffe29bf61230_2,44.329,sam2_mask,ok,D:\Vipin\projects\leaf_coverage_detector\experiments\9.3.coatnet_2_rw_224_experimentation\runs\exp11_9\images\s3_Potato__4cceffe29bf61230_2,11,1,0,
s3_Potato__4e10e138357f1052,0.6247,ignore,ignored_manual_review,D:\Vipin\projects\leaf_coverage_detector\experiments\9.3.coatnet_2_rw_224_experimentation\runs\exp11_9\images\s3_Potato__4e10e138357f1052,,0,0,
s3_Potato__4e3ee5f6ada66416,33.0161,sam2_mask,ok,D:\Vipin\projects\leaf_coverage_detector\experiments\9.3.coatnet_2_rw_224_experimentation\runs\exp11_9\images\s3_Potato__4e3ee5f6ada66416,9,1,0,
s3_Potato__4e3ee5f6ada66416_2,33.0402,sam2_mask,ok,D:\Vipin\projects\leaf_coverage_detector\experiments\9.3.coatnet_2_rw_224_experimentation\runs\exp11_9\images\s3_Potato__4e3ee5f6ada66416_2,8,1,0,
s3_Potato__4e3ee5f6ada66416_3,33.0402,sam2_mask,ok,D:\Vipin\projects\leaf_coverage_detector\experiments\9.3.coatnet_2_rw_224_experimentation\runs\exp11_9\images\s3_Potato__4e3ee5f6ada66416_3,8,1,0,
s3_Potato__bb5a0ee2f4257d2c,0.0,ignore,ignored_manual_review,D:\Vipin\projects\leaf_coverage_detector\experiments\9.3.coatnet_2_rw_224_experimentation\runs\exp11_9\images\s3_Potato__bb5a0ee2f4257d2c,,0,0,
s3_Potato__bb659f5112921e84,0.0,ignore,ignored_manual_review,D:\Vipin\projects\leaf_coverage_detector\experiments\9.3.coatnet_2_rw_224_experimentation\runs\exp11_9\images\s3_Potato__bb659f5112921e84,,0,0,
s3_Potato__bbfe00d9b1a8691a,4.7686,sam2_mask,ok,D:\Vipin\projects\leaf_coverage_detector\experiments\9.3.coatnet_2_rw_224_experimentation\runs\exp11_9\images\s3_Potato__bbfe00d9b1a8691a,1,1,0,
s3_Potato__bbfe00d9b1a8691a_2,4.7421,sam2_mask,ok,D:\Vipin\projects\leaf_coverage_detector\experiments\9.3.coatnet_2_rw_224_experimentation\runs\exp11_9\images\s3_Potato__bbfe00d9b1a8691a_2,1,1,0,
s3_Potato__bc738944369f05fc,12.3591,sam2_mask,ok,D:\Vipin\projects\leaf_coverage_detector\experiments\9.3.coatnet_2_rw_224_experimentation\runs\exp11_9\images\s3_Potato__bc738944369f05fc,7,1,0,
s3_Potato__bc738944369f05fc_2,12.6788,sam2_mask,ok,D:\Vipin\projects\leaf_coverage_detector\experiments\9.3.coatnet_2_rw_224_experimentation\runs\exp11_9\images\s3_Potato__bc738944369f05fc_2,6,1,0,
s3_Potato__bc738944369f05fc_3,12.6788,sam2_mask,ok,D:\Vipin\projects\leaf_coverage_detector\experiments\9.3.coatnet_2_rw_224_experimentation\runs\exp11_9\images\s3_Potato__bc738944369f05fc_3,6,1,0,
s3_Potato__bde8f2ac08b73642,0.049,ignore,ignored_manual_review,D:\Vipin\projects\leaf_coverage_detector\experiments\9.3.coatnet_2_rw_224_experimentation\runs\exp11_9\images\s3_Potato__bde8f2ac08b73642,,0,0,
s3_Potato__be5ec2239bfe6dc0,30.543,sam2_mask,ok,D:\Vipin\projects\leaf_coverage_detector\experiments\9.3.coatnet_2_rw_224_experimentation\runs\exp11_9\images\s3_Potato__be5ec2239bfe6dc0,1,1,0,
s3_Potato__be5ec2239bfe6dc0_2,29.3706,sam2_mask,ok,D:\Vipin\projects\leaf_coverage_detector\experiments\9.3.coatnet_2_rw_224_experimentation\runs\exp11_9\images\s3_Potato__be5ec2239bfe6dc0_2,1,1,0,
s3_Potato__beb03e2eed16bd8d,39.9875,sam2_mask,ok,D:\Vipin\projects\leaf_coverage_detector\experiments\9.3.coatnet_2_rw_224_experimentation\runs\exp11_9\images\s3_Potato__beb03e2eed16bd8d,6,1,0,
s3_Potato__beb03e2eed16bd8d_2,39.984,sam2_mask,ok,D:\Vipin\projects\leaf_coverage_detector\experiments\9.3.coatnet_2_rw_224_experimentation\runs\exp11_9\images\s3_Potato__beb03e2eed16bd8d_2,6,1,0,
s3_Potato__beb03e2eed16bd8d_3,39.984,sam2_mask,ok,D:\Vipin\projects\leaf_coverage_detector\experiments\9.3.coatnet_2_rw_224_experimentation\runs\exp11_9\images\s3_Potato__beb03e2eed16bd8d_3,6,1,0,
s3_Potato__bf2a32d7d65a9409,39.5008,sam2_mask,ok,D:\Vipin\projects\leaf_coverage_detector\experiments\9.3.coatnet_2_rw_224_experimentation\runs\exp11_9\images\s3_Potato__bf2a32d7d65a9409,7,1,0,
s3_Potato__bf2a32d7d65a9409_2,39.5591,sam2_mask,ok,D:\Vipin\projects\leaf_coverage_detector\experiments\9.3.coatnet_2_rw_224_experimentation\runs\exp11_9\images\s3_Potato__bf2a32d7d65a9409_2,7,1,0,
s3_Potato__bf2c0dcd0df6537e,24.2897,sam2_mask,ok,D:\Vipin\projects\leaf_coverage_detector\experiments\9.3.coatnet_2_rw_224_experimentation\runs\exp11_9\images\s3_Potato__bf2c0dcd0df6537e,2,1,0,
s3_Potato__bf2c0dcd0df6537e_2,24.4019,sam2_mask,ok,D:\Vipin\projects\leaf_coverage_detector\experiments\9.3.coatnet_2_rw_224_experimentation\runs\exp11_9\images\s3_Potato__bf2c0dcd0df6537e_2,2,1,0,
s3_Potato__c00cba06a15a40eb,0.0,ignore,ignored_manual_review,D:\Vipin\projects\leaf_coverage_detector\experiments\9.3.coatnet_2_rw_224_experimentation\runs\exp11_9\images\s3_Potato__c00cba06a15a40eb,,0,0,
s3_Potato__c15d0e3ba71b2d52,0.0,ignore,ignored_manual_review,D:\Vipin\projects\leaf_coverage_detector\experiments\9.3.coatnet_2_rw_224_experimentation\runs\exp11_9\images\s3_Potato__c15d0e3ba71b2d52,,0,0,
s3_Potato__c4a50872cb00cd53,0.0,ignore,ignored_manual_review,D:\Vipin\projects\leaf_coverage_detector\experiments\9.3.coatnet_2_rw_224_experimentation\runs\exp11_9\images\s3_Potato__c4a50872cb00cd53,,0,0,
s3_Potato__c55e38a07e1181a5,0.0,ignore,ignored_manual_review,D:\Vipin\projects\leaf_coverage_detector\experiments\9.3.coatnet_2_rw_224_experimentation\runs\exp11_9\images\s3_Potato__c55e38a07e1181a5,,0,0,
s3_Potato__c6bdc82ee23267b2,0.0,ignore,ignored_manual_review,D:\Vipin\projects\leaf_coverage_detector\experiments\9.3.coatnet_2_rw_224_experimentation\runs\exp11_9\images\s3_Potato__c6bdc82ee23267b2,,0,0,
s3_Potato__c715404854c2e09b,36.6866,sam2_mask,ok,D:\Vipin\projects\leaf_coverage_detector\experiments\9.3.coatnet_2_rw_224_experimentation\runs\exp11_9\images\s3_Potato__c715404854c2e09b,1,1,0,
s3_Potato__c715404854c2e09b_2,36.6878,sam2_mask,ok,D:\Vipin\projects\leaf_coverage_detector\experiments\9.3.coatnet_2_rw_224_experimentation\runs\exp11_9\images\s3_Potato__c715404854c2e09b_2,1,1,0,
s3_Potato__c9503d053e631f49,28.9836,sam2_mask,ok,D:\Vipin\projects\leaf_coverage_detector\experiments\9.3.coatnet_2_rw_224_experimentation\runs\exp11_9\images\s3_Potato__c9503d053e631f49,10,1,0,
s3_Potato__c9503d053e631f49_2,29.221,sam2_mask,ok,D:\Vipin\projects\leaf_coverage_detector\experiments\9.3.coatnet_2_rw_224_experimentation\runs\exp11_9\images\s3_Potato__c9503d053e631f49_2,10,1,0,
s3_Potato__c9503d053e631f49_3,29.221,sam2_mask,ok,D:\Vipin\projects\leaf_coverage_detector\experiments\9.3.coatnet_2_rw_224_experimentation\runs\exp11_9\images\s3_Potato__c9503d053e631f49_3,10,1,0,
s3_Potato__c965a346476c7d19,23.2027,sam2_mask,ok,D:\Vipin\projects\leaf_coverage_detector\experiments\9.3.coatnet_2_rw_224_experimentation\runs\exp11_9\images\s3_Potato__c965a346476c7d19,7,1,0,
s3_Potato__c965a346476c7d19_2,23.3349,sam2_mask,ok,D:\Vipin\projects\leaf_coverage_detector\experiments\9.3.coatnet_2_rw_224_experimentation\runs\exp11_9\images\s3_Potato__c965a346476c7d19_2,7,1,0,
s3_Potato__c965a346476c7d19_3,23.3349,sam2_mask,ok,D:\Vipin\projects\leaf_coverage_detector\experiments\9.3.coatnet_2_rw_224_experimentation\runs\exp11_9\images\s3_Potato__c965a346476c7d19_3,7,1,0,
s3_Potato__cac6ca9dc3ff3a10,11.3345,sam2_mask,ok,D:\Vipin\projects\leaf_coverage_detector\experiments\9.3.coatnet_2_rw_224_experimentation\runs\exp11_9\images\s3_Potato__cac6ca9dc3ff3a10,11,1,0,
s3_Potato__cac6ca9dc3ff3a10_2,11.4307,sam2_mask,ok,D:\Vipin\projects\leaf_coverage_detector\experiments\9.3.coatnet_2_rw_224_experimentation\runs\exp11_9\images\s3_Potato__cac6ca9dc3ff3a10_2,11,1,0,
s3_Potato__cac6ca9dc3ff3a10_3,11.4307,sam2_mask,ok,D:\Vipin\projects\leaf_coverage_detector\experiments\9.3.coatnet_2_rw_224_experimentation\runs\exp11_9\images\s3_Potato__cac6ca9dc3ff3a10_3,11,1,0,
s3_Potato__cad1398da372d1f2,11.7012,sam2_mask,ok,D:\Vipin\projects\leaf_coverage_detector\experiments\9.3.coatnet_2_rw_224_experimentation\runs\exp11_9\images\s3_Potato__cad1398da372d1f2,9,1,0,
s3_Potato__cad1398da372d1f2_2,11.7162,sam2_mask,ok,D:\Vipin\projects\leaf_coverage_detector\experiments\9.3.coatnet_2_rw_224_experimentation\runs\exp11_9\images\s3_Potato__cad1398da372d1f2_2,9,1,0,
s3_Potato__cb7b40d9dfa0c241,68.259,sam2_mask,ok,D:\Vipin\projects\leaf_coverage_detector\experiments\9.3.coatnet_2_rw_224_experimentation\runs\exp11_9\images\s3_Potato__cb7b40d9dfa0c241,4,1,0,
s3_Potato__cb7b40d9dfa0c241_2,68.2746,sam2_mask,ok,D:\Vipin\projects\leaf_coverage_detector\experiments\9.3.coatnet_2_rw_224_experimentation\runs\exp11_9\images\s3_Potato__cb7b40d9dfa0c241_2,4,1,0,
s3_Potato__cb8df8c50d402bba,59.2347,sam2_mask,ok,D:\Vipin\projects\leaf_coverage_detector\experiments\9.3.coatnet_2_rw_224_experimentation\runs\exp11_9\images\s3_Potato__cb8df8c50d402bba,5,1,0,
s3_Potato__cb8df8c50d402bba_2,59.2379,sam2_mask,ok,D:\Vipin\projects\leaf_coverage_detector\experiments\9.3.coatnet_2_rw_224_experimentation\runs\exp11_9\images\s3_Potato__cb8df8c50d402bba_2,5,1,0,
s3_Potato__cb8df8c50d402bba_3,59.2379,sam2_mask,ok,D:\Vipin\projects\leaf_coverage_detector\experiments\9.3.coatnet_2_rw_224_experimentation\runs\exp11_9\images\s3_Potato__cb8df8c50d402bba_3,5,1,0,
s3_Potato__cca08f085dda800f,0.0,ignore,ignored_manual_review,D:\Vipin\projects\leaf_coverage_detector\experiments\9.3.coatnet_2_rw_224_experimentation\runs\exp11_9\images\s3_Potato__cca08f085dda800f,,0,0,
s3_Potato__cefc7f3c9f4527bc,0.0,ignore,ignored_manual_review,D:\Vipin\projects\leaf_coverage_detector\experiments\9.3.coatnet_2_rw_224_experimentation\runs\exp11_9\images\s3_Potato__cefc7f3c9f4527bc,,0,0,
s3_Potato__cfb2a1cf1db4ff23,5.1195,sam2_mask,ok,D:\Vipin\projects\leaf_coverage_detector\experiments\9.3.coatnet_2_rw_224_experimentation\runs\exp11_9\images\s3_Potato__cfb2a1cf1db4ff23,4,1,0,
s3_Potato__cfb2a1cf1db4ff23_2,5.0955,sam2_mask,ok,D:\Vipin\projects\leaf_coverage_detector\experiments\9.3.coatnet_2_rw_224_experimentation\runs\exp11_9\images\s3_Potato__cfb2a1cf1db4ff23_2,4,1,0,
s3_Potato__cfb2a1cf1db4ff23_3,5.0955,sam2_mask,ok,D:\Vipin\projects\leaf_coverage_detector\experiments\9.3.coatnet_2_rw_224_experimentation\runs\exp11_9\images\s3_Potato__cfb2a1cf1db4ff23_3,4,1,0,
s3_Potato__crop_1764754071366,20.4098,sam2_mask,ok,D:\Vipin\projects\leaf_coverage_detector\experiments\9.3.coatnet_2_rw_224_experimentation\runs\exp11_9\images\s3_Potato__crop_1764754071366,7,1,0,
s3_Potato__crop_1764754071366_2,20.3809,sam2_mask,ok,D:\Vipin\projects\leaf_coverage_detector\experiments\9.3.coatnet_2_rw_224_experimentation\runs\exp11_9\images\s3_Potato__crop_1764754071366_2,8,1,0,
s3_Potato__crop_1764754195518,7.9785,sam2_mask,ok,D:\Vipin\projects\leaf_coverage_detector\experiments\9.3.coatnet_2_rw_224_experimentation\runs\exp11_9\images\s3_Potato__crop_1764754195518,2,1,0,
s3_Potato__crop_1764754195518_2,8.0432,sam2_mask,ok,D:\Vipin\projects\leaf_coverage_detector\experiments\9.3.coatnet_2_rw_224_experimentation\runs\exp11_9\images\s3_Potato__crop_1764754195518_2,2,1,0,
s3_Potato__crop_1764754458924,23.7948,sam2_mask,ok,D:\Vipin\projects\leaf_coverage_detector\experiments\9.3.coatnet_2_rw_224_experimentation\runs\exp11_9\images\s3_Potato__crop_1764754458924,1,1,0,
s3_Potato__crop_1764754458924_2,23.3166,sam2_mask,ok,D:\Vipin\projects\leaf_coverage_detector\experiments\9.3.coatnet_2_rw_224_experimentation\runs\exp11_9\images\s3_Potato__crop_1764754458924_2,1,1,0,
s3_Potato__crop_1764840747475,0.0,ignore,ignored_manual_review,D:\Vipin\projects\leaf_coverage_detector\experiments\9.3.coatnet_2_rw_224_experimentation\runs\exp11_9\images\s3_Potato__crop_1764840747475,,0,0,
s3_Potato__crop_1764840889383,0.8468,ignore,ignored_manual_review,D:\Vipin\projects\leaf_coverage_detector\experiments\9.3.coatnet_2_rw_224_experimentation\runs\exp11_9\images\s3_Potato__crop_1764840889383,,0,0,
s3_Potato__crop_1764840889383_2,0.8732,ignore,ignored_manual_review,D:\Vipin\projects\leaf_coverage_detector\experiments\9.3.coatnet_2_rw_224_experimentation\runs\exp11_9\images\s3_Potato__crop_1764840889383_2,,0,0,
s3_Potato__crop_1764840889383_3,0.8732,ignore,ignored_manual_review,D:\Vipin\projects\leaf_coverage_detector\experiments\9.3.coatnet_2_rw_224_experimentation\runs\exp11_9\images\s3_Potato__crop_1764840889383_3,,0,0,
s3_Potato__crop_1764840910805,0.87,ignore,ignored_manual_review,D:\Vipin\projects\leaf_coverage_detector\experiments\9.3.coatnet_2_rw_224_experimentation\runs\exp11_9\images\s3_Potato__crop_1764840910805,,0,0,
s3_Potato__crop_1764840910805_2,0.8905,ignore,ignored_manual_review,D:\Vipin\projects\leaf_coverage_detector\experiments\9.3.coatnet_2_rw_224_experimentation\runs\exp11_9\images\s3_Potato__crop_1764840910805_2,,0,0,
s3_Potato__crop_1764841507523,9.0145,sam2_mask,ok,D:\Vipin\projects\leaf_coverage_detector\experiments\9.3.coatnet_2_rw_224_experimentation\runs\exp11_9\images\s3_Potato__crop_1764841507523,9,1,0,
s3_Potato__crop_1764841507523_2,9.2076,sam2_mask,ok,D:\Vipin\projects\leaf_coverage_detector\experiments\9.3.coatnet_2_rw_224_experimentation\runs\exp11_9\images\s3_Potato__crop_1764841507523_2,10,1,0,
s3_Potato__crop_1764925494097,0.0,ignore,ignored_manual_review,D:\Vipin\projects\leaf_coverage_detector\experiments\9.3.coatnet_2_rw_224_experimentation\runs\exp11_9\images\s3_Potato__crop_1764925494097,,0,0,
s3_Potato__crop_1764925503106,0.0,ignore,ignored_manual_review,D:\Vipin\projects\leaf_coverage_detector\experiments\9.3.coatnet_2_rw_224_experimentation\runs\exp11_9\images\s3_Potato__crop_1764925503106,,0,0,
s3_Potato__crop_1764925510899,2.3533,sam2_mask,ok,D:\Vipin\projects\leaf_coverage_detector\experiments\9.3.coatnet_2_rw_224_experimentation\runs\exp11_9\images\s3_Potato__crop_1764925510899,6,1,0,
s3_Potato__crop_1764925510899_2,2.3161,sam2_mask,ok,D:\Vipin\projects\leaf_coverage_detector\experiments\9.3.coatnet_2_rw_224_experimentation\runs\exp11_9\images\s3_Potato__crop_1764925510899_2,6,1,0,
s3_Potato__crop_1764925578917,0.0,ignore,ignored_manual_review,D:\Vipin\projects\leaf_coverage_detector\experiments\9.3.coatnet_2_rw_224_experimentation\runs\exp11_9\images\s3_Potato__crop_1764925578917,,0,0,
s3_Potato__crop_1764925585235,0.0823,ignore,ignored_manual_review,D:\Vipin\projects\leaf_coverage_detector\experiments\9.3.coatnet_2_rw_224_experimentation\runs\exp11_9\images\s3_Potato__crop_1764925585235,,0,0,
s3_Potato__crop_1764925958478,0.0,ignore,ignored_manual_review,D:\Vipin\projects\leaf_coverage_detector\experiments\9.3.coatnet_2_rw_224_experimentation\runs\exp11_9\images\s3_Potato__crop_1764925958478,,0,0,
s3_Potato__crop_1764925958478_2,0.0,ignore,ignored_manual_review,D:\Vipin\projects\leaf_coverage_detector\experiments\9.3.coatnet_2_rw_224_experimentation\runs\exp11_9\images\s3_Potato__crop_1764925958478_2,,0,0,
s3_Potato__crop_1764926128815,0.0,ignore,ignored_manual_review,D:\Vipin\projects\leaf_coverage_detector\experiments\9.3.coatnet_2_rw_224_experimentation\runs\exp11_9\images\s3_Potato__crop_1764926128815,,0,0,
s3_Potato__crop_1765448804531,2.8915,sam2_mask,ok,D:\Vipin\projects\leaf_coverage_detector\experiments\9.3.coatnet_2_rw_224_experimentation\runs\exp11_9\images\s3_Potato__crop_1765448804531,7,1,0,
s3_Potato__crop_1765448804531_2,2.998,sam2_mask,ok,D:\Vipin\projects\leaf_coverage_detector\experiments\9.3.coatnet_2_rw_224_experimentation\runs\exp11_9\images\s3_Potato__crop_1765448804531_2,7,1,0,
s3_Potato__crop_1765448804531_3,2.998,sam2_mask,ok,D:\Vipin\projects\leaf_coverage_detector\experiments\9.3.coatnet_2_rw_224_experimentation\runs\exp11_9\images\s3_Potato__crop_1765448804531_3,7,1,0,
s3_Potato__crop_1765448829528,2.3818,sam2_mask,ok,D:\Vipin\projects\leaf_coverage_detector\experiments\9.3.coatnet_2_rw_224_experimentation\runs\exp11_9\images\s3_Potato__crop_1765448829528,2,1,0,
s3_Potato__crop_1765448829528_2,2.3977,sam2_mask,ok,D:\Vipin\projects\leaf_coverage_detector\experiments\9.3.coatnet_2_rw_224_experimentation\runs\exp11_9\images\s3_Potato__crop_1765448829528_2,2,1,0,
s3_Potato__crop_1765530258267,0.0,ignore,ignored_manual_review,D:\Vipin\projects\leaf_coverage_detector\experiments\9.3.coatnet_2_rw_224_experimentation\runs\exp11_9\images\s3_Potato__crop_1765530258267,,0,0,
s3_Potato__crop_1765530396003,0.0,ignore,ignored_manual_review,D:\Vipin\projects\leaf_coverage_detector\experiments\9.3.coatnet_2_rw_224_experimentation\runs\exp11_9\images\s3_Potato__crop_1765530396003,,0,0,
s3_Potato__crop_1765530450793,0.0314,ignore,ignored_manual_review,D:\Vipin\projects\leaf_coverage_detector\experiments\9.3.coatnet_2_rw_224_experimentation\runs\exp11_9\images\s3_Potato__crop_1765530450793,,0,0,
s3_Potato__crop_1765530515014,1.6635,sam2_mask,ok,D:\Vipin\projects\leaf_coverage_detector\experiments\9.3.coatnet_2_rw_224_experimentation\runs\exp11_9\images\s3_Potato__crop_1765530515014,7,1,0,
s3_Potato__crop_1765530515014_2,1.7567,sam2_mask,ok,D:\Vipin\projects\leaf_coverage_detector\experiments\9.3.coatnet_2_rw_224_experimentation\runs\exp11_9\images\s3_Potato__crop_1765530515014_2,8,1,0,
s3_Potato__crop_1765530515014_3,1.7567,sam2_mask,ok,D:\Vipin\projects\leaf_coverage_detector\experiments\9.3.coatnet_2_rw_224_experimentation\runs\exp11_9\images\s3_Potato__crop_1765530515014_3,8,1,0,
s3_Potato__crop_1765530525029,0.0797,ignore,ignored_manual_review,D:\Vipin\projects\leaf_coverage_detector\experiments\9.3.coatnet_2_rw_224_experimentation\runs\exp11_9\images\s3_Potato__crop_1765530525029,,0,0,
s3_Potato__crop_1765530525029_2,0.0829,ignore,ignored_manual_review,D:\Vipin\projects\leaf_coverage_detector\experiments\9.3.coatnet_2_rw_224_experimentation\runs\exp11_9\images\s3_Potato__crop_1765530525029_2,,0,0,
s3_Potato__crop_1765530525029_3,0.0829,ignore,ignored_manual_review,D:\Vipin\projects\leaf_coverage_detector\experiments\9.3.coatnet_2_rw_224_experimentation\runs\exp11_9\images\s3_Potato__crop_1765530525029_3,,0,0,
s3_Potato__crop_1765530564367,0.0,ignore,ignored_manual_review,D:\Vipin\projects\leaf_coverage_detector\experiments\9.3.coatnet_2_rw_224_experimentation\runs\exp11_9\images\s3_Potato__crop_1765530564367,,0,0,
s3_Potato__crop_1765530596844,9.6392,sam2_mask,ok,D:\Vipin\projects\leaf_coverage_detector\experiments\9.3.coatnet_2_rw_224_experimentation\runs\exp11_9\images\s3_Potato__crop_1765530596844,12,1,0,
s3_Potato__crop_1765530596844_2,9.7354,sam2_mask,ok,D:\Vipin\projects\leaf_coverage_detector\experiments\9.3.coatnet_2_rw_224_experimentation\runs\exp11_9\images\s3_Potato__crop_1765530596844_2,13,1,0,
s3_Potato__crop_1765530596844_3,9.7354,sam2_mask,ok,D:\Vipin\projects\leaf_coverage_detector\experiments\9.3.coatnet_2_rw_224_experimentation\runs\exp11_9\images\s3_Potato__crop_1765530596844_3,13,1,0,
s3_Potato__crop_1765530651954,0.0,ignore,ignored_manual_review,D:\Vipin\projects\leaf_coverage_detector\experiments\9.3.coatnet_2_rw_224_experimentation\runs\exp11_9\images\s3_Potato__crop_1765530651954,,0,0,
s3_Potato__crop_1765530672650,0.0,ignore,ignored_manual_review,D:\Vipin\projects\leaf_coverage_detector\experiments\9.3.coatnet_2_rw_224_experimentation\runs\exp11_9\images\s3_Potato__crop_1765530672650,,0,0,
s3_Potato__crop_1765530845043,0.0,ignore,ignored_manual_review,D:\Vipin\projects\leaf_coverage_detector\experiments\9.3.coatnet_2_rw_224_experimentation\runs\exp11_9\images\s3_Potato__crop_1765530845043,,0,0,
s3_Potato__crop_1765530911582,0.0,ignore,ignored_manual_review,D:\Vipin\projects\leaf_coverage_detector\experiments\9.3.coatnet_2_rw_224_experimentation\runs\exp11_9\images\s3_Potato__crop_1765530911582,,0,0,
s3_Potato__crop_1765530955017,30.2802,sam2_mask,ok,D:\Vipin\projects\leaf_coverage_detector\experiments\9.3.coatnet_2_rw_224_experimentation\runs\exp11_9\images\s3_Potato__crop_1765530955017,14,1,0,
s3_Potato__crop_1765530955017_2,30.4916,sam2_mask,ok,D:\Vipin\projects\leaf_coverage_detector\experiments\9.3.coatnet_2_rw_224_experimentation\runs\exp11_9\images\s3_Potato__crop_1765530955017_2,12,1,0,
s3_Potato__crop_1765530955017_3,30.4916,sam2_mask,ok,D:\Vipin\projects\leaf_coverage_detector\experiments\9.3.coatnet_2_rw_224_experimentation\runs\exp11_9\images\s3_Potato__crop_1765530955017_3,12,1,0,
s3_Potato__crop_1765531011188,0.0,ignore,ignored_manual_review,D:\Vipin\projects\leaf_coverage_detector\experiments\9.3.coatnet_2_rw_224_experimentation\runs\exp11_9\images\s3_Potato__crop_1765531011188,,0,0,
s3_Potato__crop_1765531075076,0.0023,ignore,ignored_manual_review,D:\Vipin\projects\leaf_coverage_detector\experiments\9.3.coatnet_2_rw_224_experimentation\runs\exp11_9\images\s3_Potato__crop_1765531075076,,0,0,
s3_Potato__crop_1765531075076_2,0.0044,ignore,ignored_manual_review,D:\Vipin\projects\leaf_coverage_detector\experiments\9.3.coatnet_2_rw_224_experimentation\runs\exp11_9\images\s3_Potato__crop_1765531075076_2,,0,0,
s3_Potato__crop_1765531100171,0.0,ignore,ignored_manual_review,D:\Vipin\projects\leaf_coverage_detector\experiments\9.3.coatnet_2_rw_224_experimentation\runs\exp11_9\images\s3_Potato__crop_1765531100171,,0,0,
s3_Potato__crop_1765531117116,0.0,ignore,ignored_manual_review,D:\Vipin\projects\leaf_coverage_detector\experiments\9.3.coatnet_2_rw_224_experimentation\runs\exp11_9\images\s3_Potato__crop_1765531117116,,0,0,
s3_Potato__crop_1765531150100,0.0069,ignore,ignored_manual_review,D:\Vipin\projects\leaf_coverage_detector\experiments\9.3.coatnet_2_rw_224_experimentation\runs\exp11_9\images\s3_Potato__crop_1765531150100,,0,0,
s3_Potato__crop_1765531189259,0.0,ignore,ignored_manual_review,D:\Vipin\projects\leaf_coverage_detector\experiments\9.3.coatnet_2_rw_224_experimentation\runs\exp11_9\images\s3_Potato__crop_1765531189259,,0,0,
s3_Potato__crop_1765531214923,0.0916,ignore,ignored_manual_review,D:\Vipin\projects\leaf_coverage_detector\experiments\9.3.coatnet_2_rw_224_experimentation\runs\exp11_9\images\s3_Potato__crop_1765531214923,,0,0,
s3_Potato__crop_1765531218743,0.0,ignore,ignored_manual_review,D:\Vipin\projects\leaf_coverage_detector\experiments\9.3.coatnet_2_rw_224_experimentation\runs\exp11_9\images\s3_Potato__crop_1765531218743,,0,0,
s3_Potato__crop_1765531235010,0.0,ignore,ignored_manual_review,D:\Vipin\projects\leaf_coverage_detector\experiments\9.3.coatnet_2_rw_224_experimentation\runs\exp11_9\images\s3_Potato__crop_1765531235010,,0,0,
s3_Potato__crop_1765531270034,0.0,ignore,ignored_manual_review,D:\Vipin\projects\leaf_coverage_detector\experiments\9.3.coatnet_2_rw_224_experimentation\runs\exp11_9\images\s3_Potato__crop_1765531270034,,0,0,
s3_Potato__crop_1765531348049,0.0,ignore,ignored_manual_review,D:\Vipin\projects\leaf_coverage_detector\experiments\9.3.coatnet_2_rw_224_experimentation\runs\exp11_9\images\s3_Potato__crop_1765531348049,,0,0,
s3_Potato__crop_1765531401718,0.0,ignore,ignored_manual_review,D:\Vipin\projects\leaf_coverage_detector\experiments\9.3.coatnet_2_rw_224_experimentation\runs\exp11_9\images\s3_Potato__crop_1765531401718,,0,0,
s3_Potato__crop_1765531405555,0.0,ignore,ignored_manual_review,D:\Vipin\projects\leaf_coverage_detector\experiments\9.3.coatnet_2_rw_224_experimentation\runs\exp11_9\images\s3_Potato__crop_1765531405555,,0,0,
s3_Potato__crop_1765531512942,0.0,ignore,ignored_manual_review,D:\Vipin\projects\leaf_coverage_detector\experiments\9.3.coatnet_2_rw_224_experimentation\runs\exp11_9\images\s3_Potato__crop_1765531512942,,0,0,
s3_Potato__crop_1765792980369,0.0,ignore,ignored_manual_review,D:\Vipin\projects\leaf_coverage_detector\experiments\9.3.coatnet_2_rw_224_experimentation\runs\exp11_9\images\s3_Potato__crop_1765792980369,,0,0,
s3_Potato__crop_1765792986338,2.7591,sam2_mask,ok,D:\Vipin\projects\leaf_coverage_detector\experiments\9.3.coatnet_2_rw_224_experimentation\runs\exp11_9\images\s3_Potato__crop_1765792986338,4,1,0,
s3_Potato__crop_1765792986338_2,2.7823,sam2_mask,ok,D:\Vipin\projects\leaf_coverage_detector\experiments\9.3.coatnet_2_rw_224_experimentation\runs\exp11_9\images\s3_Potato__crop_1765792986338_2,4,1,0,
s3_Potato__crop_1765792986338_3,2.7823,sam2_mask,ok,D:\Vipin\projects\leaf_coverage_detector\experiments\9.3.coatnet_2_rw_224_experimentation\runs\exp11_9\images\s3_Potato__crop_1765792986338_3,4,1,0,
s3_Potato__crop_1765793101586,14.447,sam2_mask,ok,D:\Vipin\projects\leaf_coverage_detector\experiments\9.3.coatnet_2_rw_224_experimentation\runs\exp11_9\images\s3_Potato__crop_1765793101586,5,1,0,
s3_Potato__crop_1765793101586_2,14.4407,sam2_mask,ok,D:\Vipin\projects\leaf_coverage_detector\experiments\9.3.coatnet_2_rw_224_experimentation\runs\exp11_9\images\s3_Potato__crop_1765793101586_2,5,1,0,
s3_Potato__crop_1765793101586_3,14.4407,sam2_mask,ok,D:\Vipin\projects\leaf_coverage_detector\experiments\9.3.coatnet_2_rw_224_experimentation\runs\exp11_9\images\s3_Potato__crop_1765793101586_3,5,1,0,
s3_Potato__crop_1765793209687,0.0008,ignore,ignored_manual_review,D:\Vipin\projects\leaf_coverage_detector\experiments\9.3.coatnet_2_rw_224_experimentation\runs\exp11_9\images\s3_Potato__crop_1765793209687,,0,0,
s3_Potato__crop_1765793209687_2,0.0012,ignore,ignored_manual_review,D:\Vipin\projects\leaf_coverage_detector\experiments\9.3.coatnet_2_rw_224_experimentation\runs\exp11_9\images\s3_Potato__crop_1765793209687_2,,0,0,
s3_Potato__crop_1765793343132,0.0,ignore,ignored_manual_review,D:\Vipin\projects\leaf_coverage_detector\experiments\9.3.coatnet_2_rw_224_experimentation\runs\exp11_9\images\s3_Potato__crop_1765793343132,,0,0,
s3_Potato__crop_1765793373086,0.0,ignore,ignored_manual_review,D:\Vipin\projects\leaf_coverage_detector\experiments\9.3.coatnet_2_rw_224_experimentation\runs\exp11_9\images\s3_Potato__crop_1765793373086,,0,0,
s3_Potato__crop_1765793382902,0.0,ignore,ignored_manual_review,D:\Vipin\projects\leaf_coverage_detector\experiments\9.3.coatnet_2_rw_224_experimentation\runs\exp11_9\images\s3_Potato__crop_1765793382902,,0,0,
s3_Potato__crop_1765793382902_2,0.0,ignore,ignored_manual_review,D:\Vipin\projects\leaf_coverage_detector\experiments\9.3.coatnet_2_rw_224_experimentation\runs\exp11_9\images\s3_Potato__crop_1765793382902_2,,0,0,
s3_Potato__crop_1765793382902_3,0.0,ignore,ignored_manual_review,D:\Vipin\projects\leaf_coverage_detector\experiments\9.3.coatnet_2_rw_224_experimentation\runs\exp11_9\images\s3_Potato__crop_1765793382902_3,,0,0,
s3_Potato__crop_1765793389980,0.0,ignore,ignored_manual_review,D:\Vipin\projects\leaf_coverage_detector\experiments\9.3.coatnet_2_rw_224_experimentation\runs\exp11_9\images\s3_Potato__crop_1765793389980,,0,0,
s3_Potato__crop_1765793389980_2,0.0001,ignore,ignored_manual_review,D:\Vipin\projects\leaf_coverage_detector\experiments\9.3.coatnet_2_rw_224_experimentation\runs\exp11_9\images\s3_Potato__crop_1765793389980_2,,0,0,
s3_Potato__crop_1765793390353,0.2526,ignore,ignored_manual_review,D:\Vipin\projects\leaf_coverage_detector\experiments\9.3.coatnet_2_rw_224_experimentation\runs\exp11_9\images\s3_Potato__crop_1765793390353,,0,0,
s3_Potato__crop_1765793390353_2,0.2508,ignore,ignored_manual_review,D:\Vipin\projects\leaf_coverage_detector\experiments\9.3.coatnet_2_rw_224_experimentation\runs\exp11_9\images\s3_Potato__crop_1765793390353_2,,0,0,
s3_Potato__crop_1765793409651,0.0,ignore,ignored_manual_review,D:\Vipin\projects\leaf_coverage_detector\experiments\9.3.coatnet_2_rw_224_experimentation\runs\exp11_9\images\s3_Potato__crop_1765793409651,,0,0,
s3_Potato__crop_1765793434859,0.0,ignore,ignored_manual_review,D:\Vipin\projects\leaf_coverage_detector\experiments\9.3.coatnet_2_rw_224_experimentation\runs\exp11_9\images\s3_Potato__crop_1765793434859,,0,0,
s3_Potato__crop_1765793451730,0.1328,ignore,ignored_manual_review,D:\Vipin\projects\leaf_coverage_detector\experiments\9.3.coatnet_2_rw_224_experimentation\runs\exp11_9\images\s3_Potato__crop_1765793451730,,0,0,
s3_Potato__crop_1765793451730_2,0.1299,ignore,ignored_manual_review,D:\Vipin\projects\leaf_coverage_detector\experiments\9.3.coatnet_2_rw_224_experimentation\runs\exp11_9\images\s3_Potato__crop_1765793451730_2,,0,0,
s3_Potato__crop_1765793463307,0.0,ignore,ignored_manual_review,D:\Vipin\projects\leaf_coverage_detector\experiments\9.3.coatnet_2_rw_224_experimentation\runs\exp11_9\images\s3_Potato__crop_1765793463307,,0,0,
s3_Potato__crop_1765793463307_2,0.0,ignore,ignored_manual_review,D:\Vipin\projects\leaf_coverage_detector\experiments\9.3.coatnet_2_rw_224_experimentation\runs\exp11_9\images\s3_Potato__crop_1765793463307_2,,0,0,
s3_Potato__crop_1765793486143,0.1579,ignore,ignored_manual_review,D:\Vipin\projects\leaf_coverage_detector\experiments\9.3.coatnet_2_rw_224_experimentation\runs\exp11_9\images\s3_Potato__crop_1765793486143,,0,0,
s3_Potato__crop_1765793515143,1.3922,sam2_mask,ok,D:\Vipin\projects\leaf_coverage_detector\experiments\9.3.coatnet_2_rw_224_experimentation\runs\exp11_9\images\s3_Potato__crop_1765793515143,4,1,0,
s3_Potato__crop_1765793515143_2,1.4819,sam2_mask,ok,D:\Vipin\projects\leaf_coverage_detector\experiments\9.3.coatnet_2_rw_224_experimentation\runs\exp11_9\images\s3_Potato__crop_1765793515143_2,4,1,0,
s3_Potato__crop_1765793644010,0.0,ignore,ignored_manual_review,D:\Vipin\projects\leaf_coverage_detector\experiments\9.3.coatnet_2_rw_224_experimentation\runs\exp11_9\images\s3_Potato__crop_1765793644010,,0,0,
s3_Potato__crop_1765793644010_2,0.0,ignore,ignored_manual_review,D:\Vipin\projects\leaf_coverage_detector\experiments\9.3.coatnet_2_rw_224_experimentation\runs\exp11_9\images\s3_Potato__crop_1765793644010_2,,0,0,
s3_Potato__crop_1765793683204,0.3032,ignore,ignored_manual_review,D:\Vipin\projects\leaf_coverage_detector\experiments\9.3.coatnet_2_rw_224_experimentation\runs\exp11_9\images\s3_Potato__crop_1765793683204,,0,0,
s3_Potato__crop_1765793683204_2,0.3187,ignore,ignored_manual_review,D:\Vipin\projects\leaf_coverage_detector\experiments\9.3.coatnet_2_rw_224_experimentation\runs\exp11_9\images\s3_Potato__crop_1765793683204_2,,0,0,
s3_Potato__crop_1765793698400,1.8927,sam2_mask,ok,D:\Vipin\projects\leaf_coverage_detector\experiments\9.3.coatnet_2_rw_224_experimentation\runs\exp11_9\images\s3_Potato__crop_1765793698400,2,1,0,
s3_Potato__crop_1765793698400_2,1.9696,sam2_mask,ok,D:\Vipin\projects\leaf_coverage_detector\experiments\9.3.coatnet_2_rw_224_experimentation\runs\exp11_9\images\s3_Potato__crop_1765793698400_2,2,1,0,
s3_Potato__crop_1765793724637,1.983,sam2_mask,ok,D:\Vipin\projects\leaf_coverage_detector\experiments\9.3.coatnet_2_rw_224_experimentation\runs\exp11_9\images\s3_Potato__crop_1765793724637,10,1,0,
s3_Potato__crop_1765793724637_2,2.0694,sam2_mask,ok,D:\Vipin\projects\leaf_coverage_detector\experiments\9.3.coatnet_2_rw_224_experimentation\runs\exp11_9\images\s3_Potato__crop_1765793724637_2,10,1,0,
s3_Potato__crop_1765793724637_3,2.0694,sam2_mask,ok,D:\Vipin\projects\leaf_coverage_detector\experiments\9.3.coatnet_2_rw_224_experimentation\runs\exp11_9\images\s3_Potato__crop_1765793724637_3,10,1,0,
s3_Potato__crop_1765793738255,0.0,ignore,ignored_manual_review,D:\Vipin\projects\leaf_coverage_detector\experiments\9.3.coatnet_2_rw_224_experimentation\runs\exp11_9\images\s3_Potato__crop_1765793738255,,0,0,
s3_Potato__crop_1765793738255_2,0.0,ignore,ignored_manual_review,D:\Vipin\projects\leaf_coverage_detector\experiments\9.3.coatnet_2_rw_224_experimentation\runs\exp11_9\images\s3_Potato__crop_1765793738255_2,,0,0,
s3_Potato__crop_1765793823139,0.0,ignore,ignored_manual_review,D:\Vipin\projects\leaf_coverage_detector\experiments\9.3.coatnet_2_rw_224_experimentation\runs\exp11_9\images\s3_Potato__crop_1765793823139,,0,0,
s3_Potato__crop_1765793823139_2,0.0,ignore,ignored_manual_review,D:\Vipin\projects\leaf_coverage_detector\experiments\9.3.coatnet_2_rw_224_experimentation\runs\exp11_9\images\s3_Potato__crop_1765793823139_2,,0,0,
s3_Potato__crop_1765793849963,0.0,ignore,ignored_manual_review,D:\Vipin\projects\leaf_coverage_detector\experiments\9.3.coatnet_2_rw_224_experimentation\runs\exp11_9\images\s3_Potato__crop_1765793849963,,0,0,
s3_Potato__crop_1765793849963_2,0.0,ignore,ignored_manual_review,D:\Vipin\projects\leaf_coverage_detector\experiments\9.3.coatnet_2_rw_224_experimentation\runs\exp11_9\images\s3_Potato__crop_1765793849963_2,,0,0,
s3_Potato__crop_1765793868713,0.0,ignore,ignored_manual_review,D:\Vipin\projects\leaf_coverage_detector\experiments\9.3.coatnet_2_rw_224_experimentation\runs\exp11_9\images\s3_Potato__crop_1765793868713,,0,0,
s3_Potato__crop_1765793868713_2,0.0,ignore,ignored_manual_review,D:\Vipin\projects\leaf_coverage_detector\experiments\9.3.coatnet_2_rw_224_experimentation\runs\exp11_9\images\s3_Potato__crop_1765793868713_2,,0,0,
s3_Potato__crop_1765793889729,3.3229,sam2_mask,ok,D:\Vipin\projects\leaf_coverage_detector\experiments\9.3.coatnet_2_rw_224_experimentation\runs\exp11_9\images\s3_Potato__crop_1765793889729,6,1,0,
s3_Potato__crop_1765793889729_2,3.3047,sam2_mask,ok,D:\Vipin\projects\leaf_coverage_detector\experiments\9.3.coatnet_2_rw_224_experimentation\runs\exp11_9\images\s3_Potato__crop_1765793889729_2,6,1,0,
s3_Potato__crop_1765793913410,2.7666,sam2_mask,ok,D:\Vipin\projects\leaf_coverage_detector\experiments\9.3.coatnet_2_rw_224_experimentation\runs\exp11_9\images\s3_Potato__crop_1765793913410,1,1,0,
s3_Potato__crop_1765793913410_2,2.8367,sam2_mask,ok,D:\Vipin\projects\leaf_coverage_detector\experiments\9.3.coatnet_2_rw_224_experimentation\runs\exp11_9\images\s3_Potato__crop_1765793913410_2,2,1,0,
s3_Potato__crop_1765793913410_3,2.8367,sam2_mask,ok,D:\Vipin\projects\leaf_coverage_detector\experiments\9.3.coatnet_2_rw_224_experimentation\runs\exp11_9\images\s3_Potato__crop_1765793913410_3,2,1,0,
s3_Potato__crop_1765793923428,0.0,ignore,ignored_manual_review,D:\Vipin\projects\leaf_coverage_detector\experiments\9.3.coatnet_2_rw_224_experimentation\runs\exp11_9\images\s3_Potato__crop_1765793923428,,0,0,
s3_Potato__crop_1765793923428_2,0.0,ignore,ignored_manual_review,D:\Vipin\projects\leaf_coverage_detector\experiments\9.3.coatnet_2_rw_224_experimentation\runs\exp11_9\images\s3_Potato__crop_1765793923428_2,,0,0,
s3_Potato__crop_1765793951295,46.3187,sam2_mask,ok,D:\Vipin\projects\leaf_coverage_detector\experiments\9.3.coatnet_2_rw_224_experimentation\runs\exp11_9\images\s3_Potato__crop_1765793951295,12,1,0,
s3_Potato__crop_1765793951295_2,46.7739,sam2_mask,ok,D:\Vipin\projects\leaf_coverage_detector\experiments\9.3.coatnet_2_rw_224_experimentation\runs\exp11_9\images\s3_Potato__crop_1765793951295_2,12,1,0,
s3_Potato__crop_1765793986132,21.1248,sam2_mask,ok,D:\Vipin\projects\leaf_coverage_detector\experiments\9.3.coatnet_2_rw_224_experimentation\runs\exp11_9\images\s3_Potato__crop_1765793986132,17,1,0,
s3_Potato__crop_1765793986132_2,21.1004,sam2_mask,ok,D:\Vipin\projects\leaf_coverage_detector\experiments\9.3.coatnet_2_rw_224_experimentation\runs\exp11_9\images\s3_Potato__crop_1765793986132_2,18,1,0,
s3_Potato__crop_1765793986132_3,21.1004,sam2_mask,ok,D:\Vipin\projects\leaf_coverage_detector\experiments\9.3.coatnet_2_rw_224_experimentation\runs\exp11_9\images\s3_Potato__crop_1765793986132_3,18,1,0,
s3_Potato__crop_1765794016088,0.3752,ignore,ignored_manual_review,D:\Vipin\projects\leaf_coverage_detector\experiments\9.3.coatnet_2_rw_224_experimentation\runs\exp11_9\images\s3_Potato__crop_1765794016088,,0,0,
s3_Potato__crop_1765794016088_2,0.4154,ignore,ignored_manual_review,D:\Vipin\projects\leaf_coverage_detector\experiments\9.3.coatnet_2_rw_224_experimentation\runs\exp11_9\images\s3_Potato__crop_1765794016088_2,,0,0,
s3_Potato__crop_1765794324114,2.215,sam2_mask,ok,D:\Vipin\projects\leaf_coverage_detector\experiments\9.3.coatnet_2_rw_224_experimentation\runs\exp11_9\images\s3_Potato__crop_1765794324114,6,1,0,
s3_Potato__crop_1765794324114_2,2.1712,sam2_mask,ok,D:\Vipin\projects\leaf_coverage_detector\experiments\9.3.coatnet_2_rw_224_experimentation\runs\exp11_9\images\s3_Potato__crop_1765794324114_2,6,1,0,
s3_Potato__crop_1765794324114_3,2.1712,sam2_mask,ok,D:\Vipin\projects\leaf_coverage_detector\experiments\9.3.coatnet_2_rw_224_experimentation\runs\exp11_9\images\s3_Potato__crop_1765794324114_3,6,1,0,
s3_Potato__crop_1765794489245,3.2497,sam2_mask,ok,D:\Vipin\projects\leaf_coverage_detector\experiments\9.3.coatnet_2_rw_224_experimentation\runs\exp11_9\images\s3_Potato__crop_1765794489245,10,1,0,
s3_Potato__crop_1765794489245_2,3.2581,sam2_mask,ok,D:\Vipin\projects\leaf_coverage_detector\experiments\9.3.coatnet_2_rw_224_experimentation\runs\exp11_9\images\s3_Potato__crop_1765794489245_2,10,1,0,
s3_Potato__crop_1765794489245_3,3.2581,sam2_mask,ok,D:\Vipin\projects\leaf_coverage_detector\experiments\9.3.coatnet_2_rw_224_experimentation\runs\exp11_9\images\s3_Potato__crop_1765794489245_3,10,1,0,
s3_Potato__crop_1765794585970,30.324,sam2_mask,ok,D:\Vipin\projects\leaf_coverage_detector\experiments\9.3.coatnet_2_rw_224_experimentation\runs\exp11_9\images\s3_Potato__crop_1765794585970,7,1,0,
s3_Potato__crop_1765794585970_2,30.2821,sam2_mask,ok,D:\Vipin\projects\leaf_coverage_detector\experiments\9.3.coatnet_2_rw_224_experimentation\runs\exp11_9\images\s3_Potato__crop_1765794585970_2,7,1,0,
s3_Potato__d01d006607aa9fc5,38.2373,sam2_mask,ok,D:\Vipin\projects\leaf_coverage_detector\experiments\9.3.coatnet_2_rw_224_experimentation\runs\exp11_9\images\s3_Potato__d01d006607aa9fc5,2,1,0,
s3_Potato__d01d006607aa9fc5_2,38.3837,sam2_mask,ok,D:\Vipin\projects\leaf_coverage_detector\experiments\9.3.coatnet_2_rw_224_experimentation\runs\exp11_9\images\s3_Potato__d01d006607aa9fc5_2,2,1,0,
s3_Potato__d0d6c4fd892c4983,0.0,ignore,ignored_manual_review,D:\Vipin\projects\leaf_coverage_detector\experiments\9.3.coatnet_2_rw_224_experimentation\runs\exp11_9\images\s3_Potato__d0d6c4fd892c4983,,0,0,
s3_Potato__d2c1879c93ce089c,15.7441,sam2_mask,ok,D:\Vipin\projects\leaf_coverage_detector\experiments\9.3.coatnet_2_rw_224_experimentation\runs\exp11_9\images\s3_Potato__d2c1879c93ce089c,8,1,0,
s3_Potato__d2c1879c93ce089c_2,15.7366,sam2_mask,ok,D:\Vipin\projects\leaf_coverage_detector\experiments\9.3.coatnet_2_rw_224_experimentation\runs\exp11_9\images\s3_Potato__d2c1879c93ce089c_2,6,1,0,
s3_Potato__d2c1879c93ce089c_3,15.7366,sam2_mask,ok,D:\Vipin\projects\leaf_coverage_detector\experiments\9.3.coatnet_2_rw_224_experimentation\runs\exp11_9\images\s3_Potato__d2c1879c93ce089c_3,6,1,0,
s3_Potato__d3982f84ee6d13bf,11.9164,sam2_mask,ok,D:\Vipin\projects\leaf_coverage_detector\experiments\9.3.coatnet_2_rw_224_experimentation\runs\exp11_9\images\s3_Potato__d3982f84ee6d13bf,15,1,0,
s3_Potato__d3982f84ee6d13bf_2,12.0338,sam2_mask,ok,D:\Vipin\projects\leaf_coverage_detector\experiments\9.3.coatnet_2_rw_224_experimentation\runs\exp11_9\images\s3_Potato__d3982f84ee6d13bf_2,15,1,0,
s3_Potato__d3982f84ee6d13bf_3,12.0338,sam2_mask,ok,D:\Vipin\projects\leaf_coverage_detector\experiments\9.3.coatnet_2_rw_224_experimentation\runs\exp11_9\images\s3_Potato__d3982f84ee6d13bf_3,15,1,0,
s3_Potato__d40c3cf32a2a2f93,36.6474,sam2_mask,ok,D:\Vipin\projects\leaf_coverage_detector\experiments\9.3.coatnet_2_rw_224_experimentation\runs\exp11_9\images\s3_Potato__d40c3cf32a2a2f93,10,1,0,
s3_Potato__d40c3cf32a2a2f93_2,36.6157,sam2_mask,ok,D:\Vipin\projects\leaf_coverage_detector\experiments\9.3.coatnet_2_rw_224_experimentation\runs\exp11_9\images\s3_Potato__d40c3cf32a2a2f93_2,9,1,0,
s3_Potato__d40c3cf32a2a2f93_3,36.6157,sam2_mask,ok,D:\Vipin\projects\leaf_coverage_detector\experiments\9.3.coatnet_2_rw_224_experimentation\runs\exp11_9\images\s3_Potato__d40c3cf32a2a2f93_3,9,1,0,
s3_Potato__d483085e5ee4b229,17.2445,sam2_mask,ok,D:\Vipin\projects\leaf_coverage_detector\experiments\9.3.coatnet_2_rw_224_experimentation\runs\exp11_9\images\s3_Potato__d483085e5ee4b229,7,1,0,
s3_Potato__d483085e5ee4b229_2,17.7883,sam2_mask,ok,D:\Vipin\projects\leaf_coverage_detector\experiments\9.3.coatnet_2_rw_224_experimentation\runs\exp11_9\images\s3_Potato__d483085e5ee4b229_2,7,1,0,
s3_Potato__d4e5a00bbcbe590e,1.6082,sam2_mask,ok,D:\Vipin\projects\leaf_coverage_detector\experiments\9.3.coatnet_2_rw_224_experimentation\runs\exp11_9\images\s3_Potato__d4e5a00bbcbe590e,4,1,0,
s3_Potato__d4e5a00bbcbe590e_2,1.5074,sam2_mask,ok,D:\Vipin\projects\leaf_coverage_detector\experiments\9.3.coatnet_2_rw_224_experimentation\runs\exp11_9\images\s3_Potato__d4e5a00bbcbe590e_2,4,1,0,
s3_Potato__d5f97aea4976a640,0.5975,ignore,ignored_manual_review,D:\Vipin\projects\leaf_coverage_detector\experiments\9.3.coatnet_2_rw_224_experimentation\runs\exp11_9\images\s3_Potato__d5f97aea4976a640,,0,0,
s3_Potato__d655e8fc1908673b,0.1235,ignore,ignored_manual_review,D:\Vipin\projects\leaf_coverage_detector\experiments\9.3.coatnet_2_rw_224_experimentation\runs\exp11_9\images\s3_Potato__d655e8fc1908673b,,0,0,
s3_Potato__d655e8fc1908673b_2,0.161,ignore,ignored_manual_review,D:\Vipin\projects\leaf_coverage_detector\experiments\9.3.coatnet_2_rw_224_experimentation\runs\exp11_9\images\s3_Potato__d655e8fc1908673b_2,,0,0,
s3_Potato__d6aa100481250150,0.0,ignore,ignored_manual_review,D:\Vipin\projects\leaf_coverage_detector\experiments\9.3.coatnet_2_rw_224_experimentation\runs\exp11_9\images\s3_Potato__d6aa100481250150,,0,0,
s3_Potato__d70dce93517c3543,39.3463,sam2_mask,ok,D:\Vipin\projects\leaf_coverage_detector\experiments\9.3.coatnet_2_rw_224_experimentation\runs\exp11_9\images\s3_Potato__d70dce93517c3543,11,1,0,
s3_Potato__d70dce93517c3543_2,39.3236,sam2_mask,ok,D:\Vipin\projects\leaf_coverage_detector\experiments\9.3.coatnet_2_rw_224_experimentation\runs\exp11_9\images\s3_Potato__d70dce93517c3543_2,11,1,0,
s3_Potato__d70dce93517c3543_3,39.3236,sam2_mask,ok,D:\Vipin\projects\leaf_coverage_detector\experiments\9.3.coatnet_2_rw_224_experimentation\runs\exp11_9\images\s3_Potato__d70dce93517c3543_3,11,1,0,
s3_Potato__d79f81efcdbf7eda,45.6857,sam2_mask,ok,D:\Vipin\projects\leaf_coverage_detector\experiments\9.3.coatnet_2_rw_224_experimentation\runs\exp11_9\images\s3_Potato__d79f81efcdbf7eda,10,1,0,
s3_Potato__d79f81efcdbf7eda_2,45.7658,sam2_mask,ok,D:\Vipin\projects\leaf_coverage_detector\experiments\9.3.coatnet_2_rw_224_experimentation\runs\exp11_9\images\s3_Potato__d79f81efcdbf7eda_2,10,1,0,
s3_Potato__d79f81efcdbf7eda_3,45.7658,sam2_mask,ok,D:\Vipin\projects\leaf_coverage_detector\experiments\9.3.coatnet_2_rw_224_experimentation\runs\exp11_9\images\s3_Potato__d79f81efcdbf7eda_3,10,1,0,
s3_Potato__d7d1789b4e3fc581,19.9086,sam2_mask,ok,D:\Vipin\projects\leaf_coverage_detector\experiments\9.3.coatnet_2_rw_224_experimentation\runs\exp11_9\images\s3_Potato__d7d1789b4e3fc581,8,1,0,
s3_Potato__d7d1789b4e3fc581_2,19.9433,sam2_mask,ok,D:\Vipin\projects\leaf_coverage_detector\experiments\9.3.coatnet_2_rw_224_experimentation\runs\exp11_9\images\s3_Potato__d7d1789b4e3fc581_2,8,1,0,
s3_Potato__d923fdd96da7085b,27.544,sam2_mask,ok,D:\Vipin\projects\leaf_coverage_detector\experiments\9.3.coatnet_2_rw_224_experimentation\runs\exp11_9\images\s3_Potato__d923fdd96da7085b,5,1,0,
s3_Potato__d923fdd96da7085b_2,27.2804,sam2_mask,ok,D:\Vipin\projects\leaf_coverage_detector\experiments\9.3.coatnet_2_rw_224_experimentation\runs\exp11_9\images\s3_Potato__d923fdd96da7085b_2,4,1,0,
s3_Potato__da091c5524b167bb,1.9773,sam2_mask,ok,D:\Vipin\projects\leaf_coverage_detector\experiments\9.3.coatnet_2_rw_224_experimentation\runs\exp11_9\images\s3_Potato__da091c5524b167bb,6,1,0,
s3_Potato__db91b1505ae627b7,0.0,ignore,ignored_manual_review,D:\Vipin\projects\leaf_coverage_detector\experiments\9.3.coatnet_2_rw_224_experimentation\runs\exp11_9\images\s3_Potato__db91b1505ae627b7,,0,0,
s3_Potato__dcf60d8a44a36f26,35.6219,sam2_mask,ok,D:\Vipin\projects\leaf_coverage_detector\experiments\9.3.coatnet_2_rw_224_experimentation\runs\exp11_9\images\s3_Potato__dcf60d8a44a36f26,2,1,0,
s3_Potato__dcf60d8a44a36f26_2,35.6139,sam2_mask,ok,D:\Vipin\projects\leaf_coverage_detector\experiments\9.3.coatnet_2_rw_224_experimentation\runs\exp11_9\images\s3_Potato__dcf60d8a44a36f26_2,2,1,0,
s3_Potato__ddb1fd5707f31d0d,0.0097,ignore,ignored_manual_review,D:\Vipin\projects\leaf_coverage_detector\experiments\9.3.coatnet_2_rw_224_experimentation\runs\exp11_9\images\s3_Potato__ddb1fd5707f31d0d,,0,0,
s3_Potato__de04c632f1c08535,6.876,sam2_mask,ok,D:\Vipin\projects\leaf_coverage_detector\experiments\9.3.coatnet_2_rw_224_experimentation\runs\exp11_9\images\s3_Potato__de04c632f1c08535,8,1,0,
s3_Potato__dfac79ca6b444cab,1.8333,sam2_mask,ok,D:\Vipin\projects\leaf_coverage_detector\experiments\9.3.coatnet_2_rw_224_experimentation\runs\exp11_9\images\s3_Potato__dfac79ca6b444cab,5,1,0,
s3_Potato__dfbf8b78a3217356,23.6285,sam2_mask,ok,D:\Vipin\projects\leaf_coverage_detector\experiments\9.3.coatnet_2_rw_224_experimentation\runs\exp11_9\images\s3_Potato__dfbf8b78a3217356,15,1,0,
s3_Potato__dfbf8b78a3217356_2,23.921,sam2_mask,ok,D:\Vipin\projects\leaf_coverage_detector\experiments\9.3.coatnet_2_rw_224_experimentation\runs\exp11_9\images\s3_Potato__dfbf8b78a3217356_2,13,1,0,
s3_Potato__dfbf8b78a3217356_3,23.921,sam2_mask,ok,D:\Vipin\projects\leaf_coverage_detector\experiments\9.3.coatnet_2_rw_224_experimentation\runs\exp11_9\images\s3_Potato__dfbf8b78a3217356_3,13,1,0,
s3_Potato__e009da4caf6c29c0,0.0,ignore,ignored_manual_review,D:\Vipin\projects\leaf_coverage_detector\experiments\9.3.coatnet_2_rw_224_experimentation\runs\exp11_9\images\s3_Potato__e009da4caf6c29c0,,0,0,
s3_Potato__e05f7d80e6f45bfe,0.2291,ignore,ignored_manual_review,D:\Vipin\projects\leaf_coverage_detector\experiments\9.3.coatnet_2_rw_224_experimentation\runs\exp11_9\images\s3_Potato__e05f7d80e6f45bfe,,0,0,
s3_Potato__e38e567d9659c66b,0.4849,ignore,ignored_manual_review,D:\Vipin\projects\leaf_coverage_detector\experiments\9.3.coatnet_2_rw_224_experimentation\runs\exp11_9\images\s3_Potato__e38e567d9659c66b,,0,0,
s3_Potato__e38e567d9659c66b_2,0.4589,ignore,ignored_manual_review,D:\Vipin\projects\leaf_coverage_detector\experiments\9.3.coatnet_2_rw_224_experimentation\runs\exp11_9\images\s3_Potato__e38e567d9659c66b_2,,0,0,
s3_Potato__e4315797cedc277d,0.5974,ignore,ignored_manual_review,D:\Vipin\projects\leaf_coverage_detector\experiments\9.3.coatnet_2_rw_224_experimentation\runs\exp11_9\images\s3_Potato__e4315797cedc277d,,0,0,
s3_Potato__e4315797cedc277d_2,0.6038,ignore,ignored_manual_review,D:\Vipin\projects\leaf_coverage_detector\experiments\9.3.coatnet_2_rw_224_experimentation\runs\exp11_9\images\s3_Potato__e4315797cedc277d_2,,0,0,
s3_Potato__e4315797cedc277d_3,0.6038,ignore,ignored_manual_review,D:\Vipin\projects\leaf_coverage_detector\experiments\9.3.coatnet_2_rw_224_experimentation\runs\exp11_9\images\s3_Potato__e4315797cedc277d_3,,0,0,
s3_Potato__e432732ef7938eb9,0.0,ignore,ignored_manual_review,D:\Vipin\projects\leaf_coverage_detector\experiments\9.3.coatnet_2_rw_224_experimentation\runs\exp11_9\images\s3_Potato__e432732ef7938eb9,,0,0,
s3_Potato__e52a523ed59f462d,22.0541,sam2_mask,ok,D:\Vipin\projects\leaf_coverage_detector\experiments\9.3.coatnet_2_rw_224_experimentation\runs\exp11_9\images\s3_Potato__e52a523ed59f462d,13,1,0,
s3_Potato__e52a523ed59f462d_2,22.4426,sam2_mask,ok,D:\Vipin\projects\leaf_coverage_detector\experiments\9.3.coatnet_2_rw_224_experimentation\runs\exp11_9\images\s3_Potato__e52a523ed59f462d_2,12,1,0,
s3_Potato__e52a523ed59f462d_3,22.4426,sam2_mask,ok,D:\Vipin\projects\leaf_coverage_detector\experiments\9.3.coatnet_2_rw_224_experimentation\runs\exp11_9\images\s3_Potato__e52a523ed59f462d_3,12,1,0,
s3_Potato__e5c4440aa41e7af1,0.0,ignore,ignored_manual_review,D:\Vipin\projects\leaf_coverage_detector\experiments\9.3.coatnet_2_rw_224_experimentation\runs\exp11_9\images\s3_Potato__e5c4440aa41e7af1,,0,0,
s3_Potato__e618bfabf1ee8eb1,15.1028,sam2_mask,ok,D:\Vipin\projects\leaf_coverage_detector\experiments\9.3.coatnet_2_rw_224_experimentation\runs\exp11_9\images\s3_Potato__e618bfabf1ee8eb1,9,1,0,
s3_Potato__e618bfabf1ee8eb1_2,15.0779,sam2_mask,ok,D:\Vipin\projects\leaf_coverage_detector\experiments\9.3.coatnet_2_rw_224_experimentation\runs\exp11_9\images\s3_Potato__e618bfabf1ee8eb1_2,9,1,0,
s3_Potato__e618bfabf1ee8eb1_3,15.0779,sam2_mask,ok,D:\Vipin\projects\leaf_coverage_detector\experiments\9.3.coatnet_2_rw_224_experimentation\runs\exp11_9\images\s3_Potato__e618bfabf1ee8eb1_3,9,1,0,
s3_Potato__e65da4f32a7d0bcb,29.5356,sam2_mask,ok,D:\Vipin\projects\leaf_coverage_detector\experiments\9.3.coatnet_2_rw_224_experimentation\runs\exp11_9\images\s3_Potato__e65da4f32a7d0bcb,4,1,0,
s3_Potato__e65da4f32a7d0bcb_2,29.6901,sam2_mask,ok,D:\Vipin\projects\leaf_coverage_detector\experiments\9.3.coatnet_2_rw_224_experimentation\runs\exp11_9\images\s3_Potato__e65da4f32a7d0bcb_2,4,1,0,
s3_Potato__e65da4f32a7d0bcb_3,29.6901,sam2_mask,ok,D:\Vipin\projects\leaf_coverage_detector\experiments\9.3.coatnet_2_rw_224_experimentation\runs\exp11_9\images\s3_Potato__e65da4f32a7d0bcb_3,4,1,0,
s3_Potato__e664ae915c6ac955,0.0,ignore,ignored_manual_review,D:\Vipin\projects\leaf_coverage_detector\experiments\9.3.coatnet_2_rw_224_experimentation\runs\exp11_9\images\s3_Potato__e664ae915c6ac955,,0,0,
s3_Potato__e664ae915c6ac955_2,0.0,ignore,ignored_manual_review,D:\Vipin\projects\leaf_coverage_detector\experiments\9.3.coatnet_2_rw_224_experimentation\runs\exp11_9\images\s3_Potato__e664ae915c6ac955_2,,0,0,
s3_Potato__e6e834eaecd8efc4,0.0,ignore,ignored_manual_review,D:\Vipin\projects\leaf_coverage_detector\experiments\9.3.coatnet_2_rw_224_experimentation\runs\exp11_9\images\s3_Potato__e6e834eaecd8efc4,,0,0,
s3_Potato__e85d3c821ff76b86,0.0,ignore,ignored_manual_review,D:\Vipin\projects\leaf_coverage_detector\experiments\9.3.coatnet_2_rw_224_experimentation\runs\exp11_9\images\s3_Potato__e85d3c821ff76b86,,0,0,
s3_Potato__e954dd343b02cfa8,22.4572,sam2_mask,ok,D:\Vipin\projects\leaf_coverage_detector\experiments\9.3.coatnet_2_rw_224_experimentation\runs\exp11_9\images\s3_Potato__e954dd343b02cfa8,16,1,0,
s3_Potato__e954dd343b02cfa8_2,22.3445,sam2_mask,ok,D:\Vipin\projects\leaf_coverage_detector\experiments\9.3.coatnet_2_rw_224_experimentation\runs\exp11_9\images\s3_Potato__e954dd343b02cfa8_2,17,1,0,
s3_Potato__e954dd343b02cfa8_3,22.3445,sam2_mask,ok,D:\Vipin\projects\leaf_coverage_detector\experiments\9.3.coatnet_2_rw_224_experimentation\runs\exp11_9\images\s3_Potato__e954dd343b02cfa8_3,17,1,0,
s3_Potato__ea77c23db0b33242,65.8259,sam2_mask,ok,D:\Vipin\projects\leaf_coverage_detector\experiments\9.3.coatnet_2_rw_224_experimentation\runs\exp11_9\images\s3_Potato__ea77c23db0b33242,6,1,0,
s3_Potato__ea77c23db0b33242_2,65.8712,sam2_mask,ok,D:\Vipin\projects\leaf_coverage_detector\experiments\9.3.coatnet_2_rw_224_experimentation\runs\exp11_9\images\s3_Potato__ea77c23db0b33242_2,6,1,0,
s3_Potato__ea77c23db0b33242_3,65.8712,sam2_mask,ok,D:\Vipin\projects\leaf_coverage_detector\experiments\9.3.coatnet_2_rw_224_experimentation\runs\exp11_9\images\s3_Potato__ea77c23db0b33242_3,6,1,0,
s3_Potato__eaf06c302b3202d6,0.0,ignore,ignored_manual_review,D:\Vipin\projects\leaf_coverage_detector\experiments\9.3.coatnet_2_rw_224_experimentation\runs\exp11_9\images\s3_Potato__eaf06c302b3202d6,,0,0,
s3_Potato__eaf06c302b3202d6_2,0.0,ignore,ignored_manual_review,D:\Vipin\projects\leaf_coverage_detector\experiments\9.3.coatnet_2_rw_224_experimentation\runs\exp11_9\images\s3_Potato__eaf06c302b3202d6_2,,0,0,
s3_Potato__ebb9b7409d00f251,31.8509,sam2_mask,ok,D:\Vipin\projects\leaf_coverage_detector\experiments\9.3.coatnet_2_rw_224_experimentation\runs\exp11_9\images\s3_Potato__ebb9b7409d00f251,2,1,0,
s3_Potato__ebb9b7409d00f251_2,31.9211,sam2_mask,ok,D:\Vipin\projects\leaf_coverage_detector\experiments\9.3.coatnet_2_rw_224_experimentation\runs\exp11_9\images\s3_Potato__ebb9b7409d00f251_2,2,1,0,
s3_Potato__ebb9b7409d00f251_3,31.9211,sam2_mask,ok,D:\Vipin\projects\leaf_coverage_detector\experiments\9.3.coatnet_2_rw_224_experimentation\runs\exp11_9\images\s3_Potato__ebb9b7409d00f251_3,2,1,0,
s3_Potato__ec6cecdaaaf7bd53,25.0368,sam2_mask,ok,D:\Vipin\projects\leaf_coverage_detector\experiments\9.3.coatnet_2_rw_224_experimentation\runs\exp11_9\images\s3_Potato__ec6cecdaaaf7bd53,3,1,0,
s3_Potato__ec6cecdaaaf7bd53_2,25.1267,sam2_mask,ok,D:\Vipin\projects\leaf_coverage_detector\experiments\9.3.coatnet_2_rw_224_experimentation\runs\exp11_9\images\s3_Potato__ec6cecdaaaf7bd53_2,3,1,0,
s3_Potato__ec6cecdaaaf7bd53_3,25.1267,sam2_mask,ok,D:\Vipin\projects\leaf_coverage_detector\experiments\9.3.coatnet_2_rw_224_experimentation\runs\exp11_9\images\s3_Potato__ec6cecdaaaf7bd53_3,3,1,0,
s3_Potato__eda6d0e174033708,42.0481,sam2_mask,ok,D:\Vipin\projects\leaf_coverage_detector\experiments\9.3.coatnet_2_rw_224_experimentation\runs\exp11_9\images\s3_Potato__eda6d0e174033708,9,1,0,
s3_Potato__eda6d0e174033708_2,42.629,sam2_mask,ok,D:\Vipin\projects\leaf_coverage_detector\experiments\9.3.coatnet_2_rw_224_experimentation\runs\exp11_9\images\s3_Potato__eda6d0e174033708_2,12,1,0,
s3_Potato__eda6d0e174033708_3,42.629,sam2_mask,ok,D:\Vipin\projects\leaf_coverage_detector\experiments\9.3.coatnet_2_rw_224_experimentation\runs\exp11_9\images\s3_Potato__eda6d0e174033708_3,12,1,0,
s3_Potato__edf170d86d1a6d67,12.8067,sam2_mask,ok,D:\Vipin\projects\leaf_coverage_detector\experiments\9.3.coatnet_2_rw_224_experimentation\runs\exp11_9\images\s3_Potato__edf170d86d1a6d67,12,1,0,
s3_Potato__edf170d86d1a6d67_2,13.3757,sam2_mask,ok,D:\Vipin\projects\leaf_coverage_detector\experiments\9.3.coatnet_2_rw_224_experimentation\runs\exp11_9\images\s3_Potato__edf170d86d1a6d67_2,10,1,0,
s3_Potato__edf170d86d1a6d67_3,13.3757,sam2_mask,ok,D:\Vipin\projects\leaf_coverage_detector\experiments\9.3.coatnet_2_rw_224_experimentation\runs\exp11_9\images\s3_Potato__edf170d86d1a6d67_3,10,1,0,
s3_Potato__ee9769b5d069faf1,24.1286,sam2_mask,ok,D:\Vipin\projects\leaf_coverage_detector\experiments\9.3.coatnet_2_rw_224_experimentation\runs\exp11_9\images\s3_Potato__ee9769b5d069faf1,12,1,0,
s3_Potato__ee9769b5d069faf1_2,24.4186,sam2_mask,ok,D:\Vipin\projects\leaf_coverage_detector\experiments\9.3.coatnet_2_rw_224_experimentation\runs\exp11_9\images\s3_Potato__ee9769b5d069faf1_2,13,1,0,
s3_Potato__ee9769b5d069faf1_3,24.4186,sam2_mask,ok,D:\Vipin\projects\leaf_coverage_detector\experiments\9.3.coatnet_2_rw_224_experimentation\runs\exp11_9\images\s3_Potato__ee9769b5d069faf1_3,13,1,0,
s3_Potato__ef8cfed5786e0c93,0.0,ignore,ignored_manual_review,D:\Vipin\projects\leaf_coverage_detector\experiments\9.3.coatnet_2_rw_224_experimentation\runs\exp11_9\images\s3_Potato__ef8cfed5786e0c93,,0,0,
s3_Potato__f2ce8664c4ec06a7,0.0,ignore,ignored_manual_review,D:\Vipin\projects\leaf_coverage_detector\experiments\9.3.coatnet_2_rw_224_experimentation\runs\exp11_9\images\s3_Potato__f2ce8664c4ec06a7,,0,0,
s3_Potato__f37223a2f507901c,3.76,sam2_mask,ok,D:\Vipin\projects\leaf_coverage_detector\experiments\9.3.coatnet_2_rw_224_experimentation\runs\exp11_9\images\s3_Potato__f37223a2f507901c,10,1,0,
s3_Potato__f37223a2f507901c_2,3.7232,sam2_mask,ok,D:\Vipin\projects\leaf_coverage_detector\experiments\9.3.coatnet_2_rw_224_experimentation\runs\exp11_9\images\s3_Potato__f37223a2f507901c_2,11,1,0,
s3_Potato__f37223a2f507901c_3,3.7232,sam2_mask,ok,D:\Vipin\projects\leaf_coverage_detector\experiments\9.3.coatnet_2_rw_224_experimentation\runs\exp11_9\images\s3_Potato__f37223a2f507901c_3,11,1,0,
s3_Potato__f44b37b86fefd27e,1.3185,sam2_mask,ok,D:\Vipin\projects\leaf_coverage_detector\experiments\9.3.coatnet_2_rw_224_experimentation\runs\exp11_9\images\s3_Potato__f44b37b86fefd27e,3,1,0,
s3_Potato__f44b37b86fefd27e_2,1.3688,sam2_mask,ok,D:\Vipin\projects\leaf_coverage_detector\experiments\9.3.coatnet_2_rw_224_experimentation\runs\exp11_9\images\s3_Potato__f44b37b86fefd27e_2,4,1,0,
s3_Potato__f4605ff10b3343c2,6.7188,sam2_mask,ok,D:\Vipin\projects\leaf_coverage_detector\experiments\9.3.coatnet_2_rw_224_experimentation\runs\exp11_9\images\s3_Potato__f4605ff10b3343c2,17,1,0,
s3_Potato__f4605ff10b3343c2_2,6.5038,sam2_mask,ok,D:\Vipin\projects\leaf_coverage_detector\experiments\9.3.coatnet_2_rw_224_experimentation\runs\exp11_9\images\s3_Potato__f4605ff10b3343c2_2,17,1,0,
s3_Potato__f4605ff10b3343c2_3,6.5038,sam2_mask,ok,D:\Vipin\projects\leaf_coverage_detector\experiments\9.3.coatnet_2_rw_224_experimentation\runs\exp11_9\images\s3_Potato__f4605ff10b3343c2_3,17,1,0,
s3_Potato__f555a1c9a675f18d,61.1893,sam2_mask,ok,D:\Vipin\projects\leaf_coverage_detector\experiments\9.3.coatnet_2_rw_224_experimentation\runs\exp11_9\images\s3_Potato__f555a1c9a675f18d,4,1,0,
s3_Potato__f555a1c9a675f18d_2,61.2108,sam2_mask,ok,D:\Vipin\projects\leaf_coverage_detector\experiments\9.3.coatnet_2_rw_224_experimentation\runs\exp11_9\images\s3_Potato__f555a1c9a675f18d_2,4,1,0,
s3_Potato__f63cb45a3d043807,64.2957,sam2_mask,ok,D:\Vipin\projects\leaf_coverage_detector\experiments\9.3.coatnet_2_rw_224_experimentation\runs\exp11_9\images\s3_Potato__f63cb45a3d043807,8,1,0,
s3_Potato__f63cb45a3d043807_2,64.1715,sam2_mask,ok,D:\Vipin\projects\leaf_coverage_detector\experiments\9.3.coatnet_2_rw_224_experimentation\runs\exp11_9\images\s3_Potato__f63cb45a3d043807_2,8,1,0,
s3_Potato__f7d29a73d65d475f,23.2537,sam2_mask,ok,D:\Vipin\projects\leaf_coverage_detector\experiments\9.3.coatnet_2_rw_224_experimentation\runs\exp11_9\images\s3_Potato__f7d29a73d65d475f,21,1,0,
s3_Potato__f7d29a73d65d475f_2,23.9659,sam2_mask,ok,D:\Vipin\projects\leaf_coverage_detector\experiments\9.3.coatnet_2_rw_224_experimentation\runs\exp11_9\images\s3_Potato__f7d29a73d65d475f_2,22,1,0,
s3_Potato__f7d29a73d65d475f_3,23.9659,sam2_mask,ok,D:\Vipin\projects\leaf_coverage_detector\experiments\9.3.coatnet_2_rw_224_experimentation\runs\exp11_9\images\s3_Potato__f7d29a73d65d475f_3,22,1,0,
s3_Potato__f890f13e1418ee78,0.0,ignore,ignored_manual_review,D:\Vipin\projects\leaf_coverage_detector\experiments\9.3.coatnet_2_rw_224_experimentation\runs\exp11_9\images\s3_Potato__f890f13e1418ee78,,0,0,
s3_Potato__f890f13e1418ee78_2,0.0,ignore,ignored_manual_review,D:\Vipin\projects\leaf_coverage_detector\experiments\9.3.coatnet_2_rw_224_experimentation\runs\exp11_9\images\s3_Potato__f890f13e1418ee78_2,,0,0,
s3_Potato__fb88fa38eb7aa1b1,12.2006,sam2_mask,ok,D:\Vipin\projects\leaf_coverage_detector\experiments\9.3.coatnet_2_rw_224_experimentation\runs\exp11_9\images\s3_Potato__fb88fa38eb7aa1b1,9,1,0,
s3_Potato__fb88fa38eb7aa1b1_2,12.2629,sam2_mask,ok,D:\Vipin\projects\leaf_coverage_detector\experiments\9.3.coatnet_2_rw_224_experimentation\runs\exp11_9\images\s3_Potato__fb88fa38eb7aa1b1_2,9,1,0,
s3_Potato__fc00fcc72271b3bb,27.6604,sam2_mask,ok,D:\Vipin\projects\leaf_coverage_detector\experiments\9.3.coatnet_2_rw_224_experimentation\runs\exp11_9\images\s3_Potato__fc00fcc72271b3bb,10,1,0,
s3_Potato__fc00fcc72271b3bb_2,27.8265,sam2_mask,ok,D:\Vipin\projects\leaf_coverage_detector\experiments\9.3.coatnet_2_rw_224_experimentation\runs\exp11_9\images\s3_Potato__fc00fcc72271b3bb_2,10,1,0,
s3_Potato__fc00fcc72271b3bb_3,27.8265,sam2_mask,ok,D:\Vipin\projects\leaf_coverage_detector\experiments\9.3.coatnet_2_rw_224_experimentation\runs\exp11_9\images\s3_Potato__fc00fcc72271b3bb_3,10,1,0,
s3_Potato__fc14ccaa14450445,32.0021,sam2_mask,ok,D:\Vipin\projects\leaf_coverage_detector\experiments\9.3.coatnet_2_rw_224_experimentation\runs\exp11_9\images\s3_Potato__fc14ccaa14450445,10,1,0,
s3_Potato__fc14ccaa14450445_2,32.2492,sam2_mask,ok,D:\Vipin\projects\leaf_coverage_detector\experiments\9.3.coatnet_2_rw_224_experimentation\runs\exp11_9\images\s3_Potato__fc14ccaa14450445_2,10,1,0,
s3_Potato__fc14ccaa14450445_3,32.2492,sam2_mask,ok,D:\Vipin\projects\leaf_coverage_detector\experiments\9.3.coatnet_2_rw_224_experimentation\runs\exp11_9\images\s3_Potato__fc14ccaa14450445_3,10,1,0,
s3_Potato__fce1f2e746fbfcf9,14.4949,sam2_mask,ok,D:\Vipin\projects\leaf_coverage_detector\experiments\9.3.coatnet_2_rw_224_experimentation\runs\exp11_9\images\s3_Potato__fce1f2e746fbfcf9,9,1,0,
s3_Potato__fce1f2e746fbfcf9_2,14.2593,sam2_mask,ok,D:\Vipin\projects\leaf_coverage_detector\experiments\9.3.coatnet_2_rw_224_experimentation\runs\exp11_9\images\s3_Potato__fce1f2e746fbfcf9_2,8,1,0,
s3_Potato__fce1f2e746fbfcf9_3,14.2593,sam2_mask,ok,D:\Vipin\projects\leaf_coverage_detector\experiments\9.3.coatnet_2_rw_224_experimentation\runs\exp11_9\images\s3_Potato__fce1f2e746fbfcf9_3,8,1,0,
s3_Potato__fcfa1d6733903cfc,1.4547,sam2_mask,ok,D:\Vipin\projects\leaf_coverage_detector\experiments\9.3.coatnet_2_rw_224_experimentation\runs\exp11_9\images\s3_Potato__fcfa1d6733903cfc,9,1,0,
s3_Potato__fcfa1d6733903cfc_2,1.5415,sam2_mask,ok,D:\Vipin\projects\leaf_coverage_detector\experiments\9.3.coatnet_2_rw_224_experimentation\runs\exp11_9\images\s3_Potato__fcfa1d6733903cfc_2,9,1,0,
s3_Potato__fcfa1d6733903cfc_3,1.5415,sam2_mask,ok,D:\Vipin\projects\leaf_coverage_detector\experiments\9.3.coatnet_2_rw_224_experimentation\runs\exp11_9\images\s3_Potato__fcfa1d6733903cfc_3,9,1,0,
s3_Potato__fda6d9a88729123b,12.0191,sam2_mask,ok,D:\Vipin\projects\leaf_coverage_detector\experiments\9.3.coatnet_2_rw_224_experimentation\runs\exp11_9\images\s3_Potato__fda6d9a88729123b,13,1,0,
s3_Potato__fda6d9a88729123b_2,11.9458,sam2_mask,ok,D:\Vipin\projects\leaf_coverage_detector\experiments\9.3.coatnet_2_rw_224_experimentation\runs\exp11_9\images\s3_Potato__fda6d9a88729123b_2,13,1,0,
s3_Potato__fda6d9a88729123b_3,11.9458,sam2_mask,ok,D:\Vipin\projects\leaf_coverage_detector\experiments\9.3.coatnet_2_rw_224_experimentation\runs\exp11_9\images\s3_Potato__fda6d9a88729123b_3,13,1,0,
s3_Potato__fda8dc60f859c693,53.8594,sam2_mask,ok,D:\Vipin\projects\leaf_coverage_detector\experiments\9.3.coatnet_2_rw_224_experimentation\runs\exp11_9\images\s3_Potato__fda8dc60f859c693,15,1,0,
s3_Potato__fda8dc60f859c693_2,54.2872,sam2_mask,ok,D:\Vipin\projects\leaf_coverage_detector\experiments\9.3.coatnet_2_rw_224_experimentation\runs\exp11_9\images\s3_Potato__fda8dc60f859c693_2,16,1,0,
s3_Potato__fda8dc60f859c693_3,54.2872,sam2_mask,ok,D:\Vipin\projects\leaf_coverage_detector\experiments\9.3.coatnet_2_rw_224_experimentation\runs\exp11_9\images\s3_Potato__fda8dc60f859c693_3,16,1,0,
